id,lat,lng,geoprivacy,observed_on,time_observed_at,place_guess
618099,-33.596776,151.325147,open,2012-11-23,2012-11-23T05:54:28-08:00,"Palm Beach, New South Wales, Australia"
618134,-33.798521,151.28612,open,2011-11-01,2011-11-01T05:09:34-07:00,"Manly, New South Wales, Australia"
1041548,-33.853346,151.245781,open,2014-10-27,2014-10-27T12:32:13+11:00,"Sydney Harbour National Park, New South Wales, Australia"
2679991,-33.726363,151.299662,open,2016-02-13,,"Collaroy Beach, Collaroy, NSW"
5082626,-33.8003212387,151.2975375652,open,2015-10-04,2015-10-04T07:09:00+11:00,"Manly NSW 2095, Australia"
5082838,-33.7909665871,151.2923297877,open,2016-11-26,,"Manly, NSW, Australia"
5598547,-33.9135245727,151.2666979694,open,2017-04-07,2017-04-07T14:06:00+10:00,"Sydney NSW, Australia"
6281793,-33.7984195123,151.2933082583,open,2017-05-20,,"Manly, NSW, Australia"
7078967,-34.1165971667,151.1396778333,open,2016-12-07,2016-12-07T16:00:32-05:00,"Royal National Park, , NSW, AU"
8200761,-33.800177,151.296898,open,2011-12-18,2011-12-18T12:16:08+11:00,"Shelly Beach, Manly, NSW"
8436875,-33.800669294,151.2933873832,open,2017-10-17,2017-10-17T18:50:00+11:00,"Sydney NSW, Australia"
8803549,-33.9923343902,151.2226867676,open,2017-11-14,2017-11-14T22:54:00+11:00,"Sydney NSW, Australia"
9629493,-33.7261684,151.3000623,open,2011-11-04,2011-11-04T18:06:00+11:00,"Collaroy Beach, New South Wales, Australia"
9759415,-34.063882,151.156474,open,2018-02-07,,shelly beach cronulla nsw
9820683,-33.8002321955,151.2970032692,open,2018-02-11,2018-02-11T18:01:00+11:00,"New South Wales, Australia"
9856770,-34.064138,151.155808,open,2015-09-19,2015-09-19T11:03:00+10:00,"Shelly Beach Cronulla New South Wales, Australia"
9857039,-33.9464133333,151.2580716667,open,2018-02-10,2018-02-10T18:54:17+11:00,"Maroubra Beach, , NSW, AU"
9857283,-33.9368833333,151.2602083333,open,2017-10-22,2017-10-22T12:18:05+11:00,"1R Waterside Avenue, , NSW, AU"
9888641,-33.9799081152,151.2513568131,open,2018-02-17,2018-02-17T16:30:48+11:00,"The Coast Golf Course, Little Bay, NSW, AU"
9903092,-33.8941033333,151.2742166667,open,2018-02-18,2018-02-18T16:31:50+11:00,"Bondi Beach, , NSW, AU"
15065804,-33.8939166121,151.2756605434,open,2016-01-25,2016-01-25T17:00:00+11:00,"Bondi Beach, NSW, Australia"
15065805,-33.8939166121,151.2756605434,open,2016-01-25,2016-01-25T17:00:00+11:00,"Bondi Beach, NSW, Australia"
15817741,-33.8951523188,151.2773825652,open,2016-01-25,2016-01-25T12:27:00-05:00,"New South Wales, Australia"
17483419,-33.7980122684,151.2897424468,open,2018-10-14,2018-10-14T07:16:00+11:00,"Manly, NSW, Australia"
17767228,-33.9500224918,151.2711806302,open,2018-04-05,2018-04-05T18:13:54+10:00,"Tasman Sea, , , "
18483005,-33.8927116667,151.2753616667,open,2018-11-18,2018-11-18T12:26:47+11:00,"Bondi Beach, , NSW, AU"
18492718,-33.9001812888,151.2701852224,open,2018-11-19,2018-11-19T17:21:53+11:00,"Waverley, AU-NS, AU"
19145386,-33.893555,151.2742783333,open,2017-06-15,2017-06-15T22:41:01-04:00,"Bondi Beach, , NSW, AU"
19205100,-33.7334883333,151.3032833333,open,2018-12-25,2018-12-25T12:33:03+11:00,"Collaroy Beach, Collaroy, NSW, AU"
19635710,-33.5976600647,151.3251190186,open,2019-01-14,2019-01-14T17:04:16+11:00,"24 Ocean Rd, Palm Beach NSW 2108, Australia"
20341311,-34.1370118112,151.118144989,open,2019-02-14,2019-02-14T17:46:37+11:00,"Providential Lookout Track, Royal National Park NSW 2233, Australia"
20341317,-34.1372443621,151.1179823801,open,2019-02-14,2019-02-14T17:51:59+11:00,"Providential Lookout Track, Royal National Park NSW 2233, Australia"
20709090,-33.7415100541,151.3164216746,open,2019-02-24,2019-02-24T10:02:29+11:00,"11 Amelia Pl, North Narrabeen NSW 2101, Australia"
20905259,-33.900925,151.270325,open,2019-03-03,2019-03-03T18:33:37+11:00,"15–17 Tamarama Marine Drive, , NSW, AU"
28346579,-33.9973333333,151.24498,open,2019-06-30,2019-06-30T10:39:00+10:00,"Botany Bay, AU-NS-RA, AU-NS, AU"
28690155,-33.7953616667,151.287475,open,2014-10-21,2014-10-21T19:32:08+00:00,"55 North Steyne, Manly, NSW, AU"
29370362,-33.9006995712,151.2707556412,open,2015-09-26,2015-09-26T19:24:18+09:30,"Tamarama Marine Dr near Thompson St, Bronte NSW 2024, Australia"
29700208,-33.8260722673,151.2602211203,open,2004-10-17,2004-10-17T05:34:00+02:00,"Sydney NSW, Australia"
31886030,-34.0346641541,151.1831665039,open,2019-09-01,2019-09-01T08:43:05+10:00,"Sutherland Shire - East, AU-NS, AU"
31976892,-33.9487141,151.2571272,open,2019-09-02,,"Maroubra Beach, New South Wales, Australia"
32460799,-33.7385902405,151.3074798584,open,2019-09-06,2019-09-06T15:09:47+10:00,"Collaroy NSW 2097, Australia"
32460849,-33.7388191223,151.3079986572,open,2019-09-06,2019-09-06T15:12:50+10:00,"Collaroy NSW 2097, Australia"
32461023,-33.7388458252,151.3077850342,open,2019-09-06,2019-09-06T15:14:05+10:00,"Collaroy NSW 2097, Australia"
32996494,-33.9539333819,151.2590948169,open,2019-09-19,2019-09-19T17:20:56+10:00,"Maroubra Bay, NSW, AU"
33059086,-33.7970542908,151.2889251709,open,2019-09-20,2019-09-20T08:00:35+10:00,"38 S Steyne, Manly NSW 2095, Australia"
33408113,-33.8004216667,151.2976216667,open,2019-09-26,2019-09-26T08:08:20+10:00,"Tasman Sea, NSW, AU"
33642195,-33.6781690289,151.3158156695,open,2019-09-30,2019-09-30T14:01:00+10:00,"Mona Vale Beach, Mona Vale, Sydney, New South Wales"
34397417,-33.9538551532,151.2590626239,open,2019-10-15,2019-10-15T16:44:18+11:00,"Maroubra Bay, NSW, AU"
34520331,-33.838896,151.253387,open,2019-10-17,,"Chowder Bay beach, Mosman, Sydney, New South Wales"
34568971,-33.839245,151.25268667,open,2019-10-17,2019-10-17T11:05:56+11:00,"Sydney Harbour, Sydney, NSW, AU"
34906342,-33.9195480347,151.2593536377,open,2019-10-13,2019-10-13T14:01:57+08:00,"Coogee NSW 2034, Australia"
34914307,-33.9200134277,151.2606658936,open,2019-10-13,2019-10-13T14:21:07+08:00,"Coogee NSW 2034, Australia"
34914916,-33.9199256897,151.2599334717,open,2019-10-13,2019-10-13T14:34:55+08:00,"Coogee NSW 2034, Australia"
36234647,-33.94345833,151.26332167,open,2019-12-01,2019-12-01T08:59:37+11:00,"Jack Vanny Memorial Park, Maroubra, NSW, AU"
37809600,-33.8688197,151.2092955,open,2018-02-19,2018-02-19T12:12:00+08:00,"Sydney NSW, Australia"
38399298,-33.8688197,151.2092955,open,2007-03-25,2007-03-25T22:47:00-07:00,"Sydney NSW, Australia"
39076924,-33.796825,151.28886333,open,2020-02-23,2020-02-23T16:30:29+11:00,"Tasman Sea, NSW, AU"
39398442,-33.6787785164,151.3145396858,open,2020-02-23,2020-02-23T13:48:10+11:00,"Mona Vale NSW 2103, Australia"
40790004,-33.80672,151.28703333,open,2020-03-27,2020-03-27T11:16:29+11:00,"Little Manly Cove, Sydney, AU"
45658187,-33.5950946279,151.3249616972,open,2018-02-13,2018-02-13T05:00:27+08:00,"Tasman Sea, Pittwater, NSW, AU"
47477278,-33.8397076,151.2524369,open,2020-02-06,2020-02-06T11:45:00+11:00,"Chowder Bay, New South Wales, Australia"
50016438,-33.8688195845,151.2092955038,open,2020-06-18,2020-06-18T11:39:56+10:00,Sydney
50026035,-33.9536111111,151.2580555556,open,2020-06-18,2020-06-18T14:14:00+10:00,"Sydney NSW, Australia"
53338179,-34.03755839,151.1707113233,open,2020-07-17,2020-07-17T09:51:07+10:00,"Kurnell, NSW, AU"
53557909,-33.80631667,151.28627,open,2020-07-19,2020-07-19T11:09:50+10:00,"Craig Avenue, Manly, NSW, AU"
54489058,-33.766775,151.299888,open,2020-06-18,2020-06-18T15:43:12+10:00,"North Curl Curl NSW 2099, Australia"
55006245,-33.9854483333,151.2354,open,2020-08-01,2020-08-01T13:35:03+10:00,"Botany Bay National Park, Anzac Pde, La Perouse NSW 2036, Australia"
55006252,-33.9854483333,151.2354,open,2020-08-01,2020-08-01T13:34:56+10:00,"Botany Bay National Park, Anzac Pde, La Perouse NSW 2036, Australia"
55006259,-33.9854483333,151.2354,open,2020-08-01,2020-08-01T13:34:43+10:00,"Botany Bay National Park, Anzac Pde, La Perouse NSW 2036, Australia"
55119919,-34.0373651954,151.171964854,open,2020-08-02,2020-08-02T08:47:39+10:00,"Kurnell NSW 2231, Australia"
57421301,-34.0423701,151.1631692,open,2020-08-16,2020-08-16T15:54:00+10:00,"Wanda Beach, New South Wales, Australia"
60153723,-33.7373319412,151.3062610477,open,2020-09-11,2020-09-11T15:57:18+10:00,"Collaroy NSW 2097, Australia"
60153744,-33.7376999722,151.3065369722,open,2020-09-11,2020-09-11T15:57:52+10:00,"Collaroy NSW 2097, Australia"
60159126,-33.7374052851,151.3063618425,open,2020-09-11,2020-09-11T15:54:00+10:00,"Sydney NSW, Australia"
60169524,-33.7377367768,151.3065524027,open,2020-09-11,2020-09-11T16:19:41+10:00,"Collaroy NSW 2097, Australia"
60289685,-33.738821069,151.3079287112,open,2020-09-11,2020-09-11T16:30:37+10:00,"Collaroy NSW 2097, Australia"
60297461,-33.7388790611,151.3083719462,open,2020-09-11,2020-09-11T16:40:00+10:00,"Unnamed Road, Collaroy NSW 2097, Australia"
60297633,-33.7389395624,151.3083300367,open,2020-09-11,2020-09-11T16:46:29+10:00,"Unnamed Road, Collaroy NSW 2097, Australia"
60305107,-33.7388584293,151.3103091717,open,2020-09-11,2020-09-11T17:11:07+10:00,"Sydney NSW, Australia"
60600481,-33.7381460715,151.3067649677,open,2020-09-16,2020-09-16T16:21:40+10:00,"Collaroy NSW 2097, Australia"
61189817,-33.9160619625,151.2665339602,open,2020-09-10,2020-09-10T21:13:00+10:00,Gordon's Bay intertidal
63451535,-33.8902314722,151.2783276944,open,2020-10-25,2020-10-25T12:19:00+11:00,"Sydney NSW, Australia"
63805150,-34.04095833,151.20822167,open,2020-10-29,2020-10-29T13:28:56+11:00,"Kamay Botany Bay National Park, Kurnell, NSW, AU"
64095214,-34.0632737577,151.1556699451,open,2020-11-01,2020-11-01T14:39:33+11:00,"Port Hacking, NSW, AU"
64284848,-33.9459736086,151.2581162748,open,2020-11-01,2020-11-01T17:06:01+11:00,"Maroubra Beach, NSW, AU"
64422128,-34.1221566667,151.13573625,open,2020-11-08,2020-11-08T16:19:22+11:00,"Royal National Park NSW 2233, Australia"
64437362,-33.7420894758,151.3174512237,open,2020-10-27,2020-10-27T18:48:14+11:00,"Sydney NSW, Australia"
64467785,-34.04051667,151.21015833,open,2020-11-08,2020-11-08T15:35:44+11:00,"Kamay Botany Bay National Park, Kurnell, NSW, AU"
64505337,-33.7674340948,151.3014588601,open,2020-11-09,2020-11-09T12:00:00+11:00,"Sydney NSW, Australia"
64583072,-33.766840902,151.2996064872,open,2020-10-29,2020-10-29T15:55:15+11:00,"North Curl Curl NSW 2099, Australia"
64583121,-33.7668905136,151.299855262,open,2020-10-29,2020-10-29T16:00:06+11:00,"North Curl Curl NSW 2099, Australia"
64583125,-33.7668127515,151.2998656556,open,2020-10-29,2020-10-29T16:00:06+11:00,"North Curl Curl NSW 2099, Australia"
64583132,-33.7668032751,151.2999796495,open,2020-10-29,2020-10-29T16:00:06+11:00,"North Curl Curl NSW 2099, Australia"
64583151,-33.7668046687,151.2999531627,open,2020-10-29,2020-10-29T16:00:27+11:00,"North Curl Curl NSW 2099, Australia"
64583159,-33.7668199982,151.2999719381,open,2020-10-29,2020-10-29T16:00:06+11:00,"North Curl Curl NSW 2099, Australia"
64583214,-33.7668943997,151.3005977997,open,2020-10-29,2020-10-29T16:03:54+11:00,"North Curl Curl NSW 2099, Australia"
64583299,-33.766983605,151.299222596,open,2020-10-29,2020-10-29T16:10:42+11:00,"Curl Curl NSW 2096, Australia"
64590848,-33.7680709722,151.297286,open,2020-10-29,2020-10-29T16:22:00+11:00,"Curl Curl NSW 2096, Australia"
64661018,-33.7726809421,151.293306984,open,2020-10-29,2020-10-29T17:12:29+11:00,"Carrington Pde opp Gardere Ave, Curl Curl NSW 2096, Australia"
64661534,-33.7736731018,151.2928238511,open,2020-10-29,2020-10-29T17:30:26+11:00,"Stewart House, Carrington Pde, Curl Curl NSW 2096, Australia"
64661558,-33.7743865578,151.2929616496,open,2020-10-29,2020-10-29T17:32:17+11:00,"Carrington Pde opp Beach St, Curl Curl NSW 2096, Australia"
64669151,-33.7669076748,151.2997466077,open,2020-10-29,2020-10-29T16:09:00+11:00,"Sydney NSW, Australia"
64669152,-33.7668318638,151.2999196102,open,2020-10-29,2020-10-29T16:14:00+11:00,"Sydney NSW, Australia"
64669153,-33.7668753436,151.2998970572,open,2020-10-29,2020-10-29T16:15:00+11:00,"Sydney NSW, Australia"
64669154,-33.769826547,151.295727774,open,2020-10-29,2020-10-29T16:43:00+11:00,"Sydney NSW, Australia"
65818017,-33.7381669722,151.306824,open,2020-11-11,2020-11-11T16:11:42+11:00,"Collaroy NSW 2097, Australia"
65818043,-33.7381680976,151.3067891076,open,2020-11-11,2020-11-11T16:12:18+11:00,"Collaroy NSW 2097, Australia"
65818068,-33.7378731157,151.3067129999,open,2020-11-11,2020-11-11T16:13:55+11:00,"Collaroy NSW 2097, Australia"
65860456,-33.7385702997,151.3076375997,open,2020-11-11,2020-11-11T16:20:15+11:00,"Collaroy NSW 2097, Australia"
65860912,-33.7385849181,151.3075381145,open,2020-11-11,2020-11-11T16:32:27+11:00,"Collaroy NSW 2097, Australia"
65861005,-33.7384368703,151.307198815,open,2020-11-11,2020-11-11T16:32:48+11:00,"Collaroy NSW 2097, Australia"
65872401,-33.7389486,151.3083828997,open,2020-11-11,2020-11-11T16:49:36+11:00,"Unnamed Road, Collaroy NSW 2097, Australia"
65884067,-33.7388838008,151.3099407032,open,2020-11-11,2020-11-11T17:05:21+11:00,"New South Wales, Australia"
65884192,-33.7389565697,151.3098562136,open,2020-11-11,2020-11-11T17:12:13+11:00,"Collaroy NSW 2097, Australia"
65983295,-33.739431,151.3141249722,open,2020-11-11,2020-11-11T17:59:09+11:00,"Bicentennial Coastal Walk Long Reef Point, Unnamed Road, Collaroy NSW 2097, Australia"
66032022,-33.7988024019,151.2897560745,open,2020-11-12,2020-11-12T17:30:48+11:00,"South Steyne opp Victoria Pde, Manly NSW 2095, Australia"
66032032,-33.7989400367,151.2899310887,open,2020-11-12,2020-11-12T17:31:45+11:00,"672R+45, Manly NSW 2095, Australia"
66032104,-33.7993484819,151.2908048183,open,2020-11-12,2020-11-12T17:36:08+11:00,"Northern Beaches Council, NSW, Australia"
66042475,-33.8006746618,151.2977272645,open,2020-11-12,2020-11-12T18:11:36+11:00,"Manly NSW 2095, Australia"
66079353,-33.9640769,151.2523570667,open,2020-12-04,2020-12-04T10:32:00+11:00,"Sydney NSW, Australia"
66864191,-34.1376484108,151.1176719144,open,2020-11-26,2020-11-26T17:21:38+11:00,"Royal National Park NSW 2233, Australia"
67384210,-33.9591291205,151.1577183008,open,2021-01-01,2021-01-01T12:54:14+11:00,"The Grand Pde opp Gordon St, Brighton-Le-Sands NSW 2216, Australia"
67431025,-33.9982668458,151.2398458674,open,2015-12-12,2015-12-12T14:01:00+11:00,"Sydney NSW, Australia"
67736338,-33.96423,151.2522071,open,2021-01-08,2021-01-08T11:54:00+11:00,"Sydney NSW, Australia"
67736340,-33.9638927028,151.2529699722,open,2021-01-08,2021-01-08T11:57:00+11:00,"Sydney NSW, Australia"
67737698,-33.9638992278,151.2533606889,open,2021-01-08,2021-01-08T12:07:00+11:00,"Sydney NSW, Australia"
68534906,-33.926125933,151.259874925,open,2021-01-24,2021-01-24T16:36:36+11:00,"Coogee NSW 2034, Australia"
69105877,-34.07312985,151.1519472865,open,2021-02-05,2021-02-05T07:52:00+11:00,"Cronulla NSW 2230, Australia"
69429588,-33.7992683412,151.2905044899,open,2021-02-12,2021-02-12T06:20:00+11:00,"Sydney NSW, Australia"
69494722,-33.7418559722,151.317509,open,2021-01-07,2021-01-07T17:00:23+11:00,"Sydney NSW, Australia"
69494727,-33.7418589722,151.3175109722,open,2021-01-07,2021-01-07T17:01:03+11:00,"Sydney NSW, Australia"
69673413,-33.7422670697,151.3177181035,open,2021-01-07,2021-01-07T17:10:42+11:00,"New South Wales, Australia"
69710882,-33.9882121944,151.2296433111,open,2021-02-17,2021-02-17T11:32:00+11:00,"Sydney NSW, Australia"
69760797,-33.5407324073,151.3090038286,open,2021-02-18,2021-02-18T08:25:00+11:00,"Central Coast NSW, Australia"
70138336,-33.7931499903,151.2876488641,open,2019-12-28,2019-12-28T15:31:25+11:00,Manly Beach
70800403,-33.7034601444,151.3084948873,open,2021-03-04,2021-03-04T11:25:00+11:00,"Sydney NSW, Australia"
70983370,-33.7382049005,151.3068340346,open,2021-02-02,2021-02-02T16:05:48+11:00,"Collaroy NSW 2097, Australia"
70983605,-33.7383359722,151.307174,open,2021-02-02,2021-02-02T16:24:51+11:00,"Collaroy NSW 2097, Australia"
71545581,-33.7035060852,151.3088121638,open,2021-03-02,2021-03-02T15:46:49+11:00,"North Narrabeen NSW 2101, Australia"
71546811,-33.7033967473,151.3086532429,open,2021-03-02,2021-03-02T16:00:04+11:00,"North Narrabeen NSW 2101, Australia"
74611610,-33.7217133333,151.2985533333,open,2021-04-17,2021-04-17T12:59:48+10:00,"Pittwater Road, Narrabeen, NSW, AU"
75452634,-33.6970967061,151.3193209596,open,2021-04-27,2021-04-27T03:36:56+10:00,"Tasman Sea, NSW, AU"
89977639,-34.0750827966,151.0558124632,open,2020-12-13,2020-12-13T10:39:02+11:00,Royal National Park
91817122,-33.9203384,151.2581325,open,2021-02-04,2021-02-04T08:53:00+11:00,"Coogee Beach, Coogee NSW 2034, Australia"
91817958,-33.9203384,151.2581325,open,2021-02-11,2021-02-11T08:24:00+11:00,"Coogee Beach, Coogee NSW 2034, Australia"
92609294,-34.0751136,151.0558127,open,2009-04-05,2009-04-05T15:30:00-10:00,"Royal National Park, NSW"
93690366,-33.9145035206,151.2678736958,open,2021-02-21,2021-02-21T11:50:00+11:00,"Clovelly NSW 2031, Australia"
95245943,-34.1208847229,151.1354566771,open,2021-09-18,2021-09-18T14:00:00+10:00,"Tasman Sea, NSW, AU"
96286515,-33.7954033333,151.28813,open,2021-09-27,2021-09-27T07:20:26+10:00,"Tasman Sea, NSW, AU"
98781518,-33.934868413,151.2616324425,open,2018-01-06,2018-01-06T11:20:00+00:00,"Sydney NSW, Australia"
98842818,-33.912983638,151.2665916317,open,2020-11-02,2020-11-02T14:00:00+11:00,"Bundock Park, Clovelly, NSW, AU"
99424365,-33.733425,151.303385,open,2021-10-25,2021-10-25T17:48:00+11:00,"Collaroy Beach, Sydney, New South Wales"
99511157,-33.9804021942,151.2518366588,open,2021-10-27,2021-10-27T13:19:20+11:00,"Little Bay, NSW, AU"
99566019,-34.0508962842,151.1562460197,open,2021-10-28,2021-10-28T06:07:18+11:00,"Dunningham Park, Cronulla, NSW, AU"
99668416,-33.9203383832,151.258132495,open,2021-10-28,2021-10-28T08:59:19+11:00,Coogee Beach
99947553,-33.6979416667,151.3105783333,open,2021-10-28,2021-10-28T13:55:29+11:00,"Turimetta Beach, Warriewood, NSW, AU"
100889606,-34.0644190137,151.1557815354,open,2021-11-12,2021-11-12T07:51:30+11:00,"Port Hacking, Cronulla, NSW, AU"
102342025,-34.0015222217,151.2222883333,open,2020-09-11,2020-09-11T11:18:40+10:00,"Captain Cook's Landing Place, Kurnell, NSW, AU"
104089663,-33.9047578862,151.268680785,open,2022-01-01,2022-01-01T18:45:18+11:00,"Nelson Bay, Bronte, NSW, AU"
104315219,-33.9137216667,151.266525,open,2021-12-28,2021-12-28T13:09:30+11:00,"Clovelly Beach, Clovelly, NSW, AU"
104325559,-34.0555484124,151.1545462782,open,2022-01-04,2022-01-04T16:09:38+11:00,"Cronulla Beach, Cronulla, NSW, AU"
105546215,-33.9229416667,151.2577883333,open,2022-01-25,2022-01-25T15:35:24+11:00,"Carr St, Coogee, NSW, AU"
105685967,-33.9203383832,151.258132495,open,2022-01-28,2022-01-28T08:16:00+11:00,Coogee Beach
106353985,-33.8688197,151.2092955,open,2022-01-10,2022-01-10T13:21:00+11:00,澳大利亚新南威尔士州悉尼
106358389,-33.8005639119,151.2971912369,open,2022-02-08,2022-02-08T07:32:00+11:00,"Manly NSW 2095, Australia"
109494224,-33.9194410228,151.2595142754,open,2022-03-26,2022-03-26T09:44:16+11:00,"Coogee Beach, Coogee, NSW, AU"
109877972,-33.7931501,151.2876488,open,2022-03-25,2022-03-25T08:18:00+11:00,"Manly, AU-NS, AU"
124987585,-33.7994346617,151.2780456542,open,2022-07-04,2022-07-04T12:54:39+10:00,"The Crescent at Laurence St, Fairlight NSW 2094, Australia"
127621375,-33.9638524806,151.25329065,open,2022-07-24,2022-07-24T11:36:00+10:00,"Randwick, New South Wales, Australia"
127812157,-33.96384175,151.2532771944,open,2022-07-25,2022-07-25T12:20:00+10:00,"Randwick, New South Wales, Australia"
132941480,-33.8936466667,151.27423,open,2021-02-10,2021-02-10T13:10:28+11:00,"Bondi Beach, Bondi Beach, NSW, AU"
133982875,-33.8081370779,151.2908816745,open,2022-09-06,2022-09-06T12:19:00+10:00,"Sydney NSW, Australia"
134248385,-33.950157,151.256009,open,2022-09-07,2022-09-07T17:00:00+10:00,"Randwick, AU-NS, AU"
134690166,-33.740325,151.31485,open,2022-09-11,2022-09-11T15:18:06+10:00,"Collaroy, NSW, AU"
134690504,-33.7421583333,151.3173216667,open,2022-09-11,2022-09-11T16:03:50+10:00,"Collaroy, NSW, AU"
135033321,-33.9452293165,151.3068256527,open,2022-07-06,2022-07-06T23:21:00+10:00,New Caledonia
137144804,-34.0606375602,151.1572294682,open,2021-11-30,2021-11-30T11:08:00+11:00,"Cronulla NSW 2230, Australia"
137239585,-33.9540067407,151.2588553505,open,2022-10-02,2022-10-02T15:09:25+11:00,"Maroubra Bay, Maroubra, NSW, AU"
137241243,-33.7370605469,151.3061218262,open,2022-10-02,2022-10-02T15:40:49+11:00,Collaroy
137249146,-33.9834283333,151.2303,open,2022-10-01,2022-10-01T09:13:48+10:00,"La Perouse, NSW, AU"
137388311,-34.1169851245,151.1389197955,open,2022-10-03,2022-10-03T11:13:02+11:00,"parc national Royal, Royal National Park, NSW, AU"
137585339,-33.9487140061,151.2571273372,open,2022-10-01,,Maroubra Beach
137701209,-33.7824935911,151.2894897458,open,2022-10-06,2022-10-06T10:27:50+11:00,"Warringah, AU-NS, AU"
137714639,-33.8999520353,151.2705384226,open,2022-10-06,2022-10-06T15:23:31+11:00,"Tamarama Beach, Tamarama, NSW, AU"
137809628,-33.9457086944,151.2573161944,open,2022-10-07,2022-10-07T10:46:53+11:00,"Maroubra Nouvelle-Galles du Sud 2035, Australie"
137831324,-33.98312,151.229995,open,2022-10-01,2022-10-01T09:19:05+10:00,"Elaroo Ave, La Perouse, NSW, AU"
137867182,-33.7317099754,151.3015445108,open,2022-10-08,2022-10-08T02:32:51+11:00,"Collaroy Beach, Collaroy, NSW, AU"
137923361,-33.9502516023,151.2566914701,open,2022-10-08,2022-10-08T11:06:47+11:00,"Maroubra Beach, Maroubra, NSW, AU"
138195996,-33.9504452778,151.2545091944,open,2022-10-10,2022-10-10T10:25:14+11:00,"Maroubra Nouvelle-Galles du Sud 2035, Australie"
138237229,-33.7322166667,151.301925,open,2022-10-10,2022-10-10T11:58:00+11:00,"Collaroy Beach, Sydney, New South Wales"
138237234,-33.7323916667,151.3020638889,open,2022-10-10,2022-10-10T12:17:00+11:00,"Collaroy Beach, Sydney, New South Wales"
138237236,-33.7323916667,151.3020944444,open,2022-10-10,2022-10-10T12:17:00+11:00,"Collaroy Beach, Sydney, New South Wales"
138237243,-33.7350194444,151.3053277778,open,2022-10-10,2022-10-10T12:30:00+11:00,"Fishermans Beach, Long Reef Aquatic Reserve, Collaroy, Sydney, New South Wales"
138237247,-33.7404638889,151.3149111111,open,2022-10-10,2022-10-10T12:50:00+11:00,"Long Reef Aquatic Reserve, Collaroy, Sydney, New South Wales"
138237254,-33.7419305556,151.3175805556,open,2022-10-10,2022-10-10T12:59:00+11:00,"Long Reef Rock Platform, Long Reef Aquatic Reserve, Collaroy, Sydney, New South Wales"
138237260,-33.7422972222,151.3170916667,open,2022-10-10,2022-10-10T13:10:00+11:00,"Long Reef Rock Platform, Long Reef Aquatic Reserve, Collaroy, Sydney, New South Wales"
138346686,-33.9440537778,151.2545091944,open,2022-10-11,2022-10-11T13:43:22+11:00,"Maroubra Nouvelle-Galles du Sud 2035, Australie"
138350209,-33.9487140061,151.2571273372,open,2022-10-08,2022-10-08T13:12:34+11:00,Maroubra Beach
138350229,-33.9487140061,151.2571273372,open,2022-10-07,2022-10-07T09:12:19+11:00,Maroubra Beach
138350310,-33.9203383832,151.258132495,open,2022-10-11,2022-10-11T08:00:35+11:00,"Arden St opp Coogee Bay Rd, Coogee NSW 2034, Australia"
138451199,-33.9454346944,151.2573605833,open,2022-10-12,2022-10-12T10:29:20+11:00,"Maroubra Nouvelle-Galles du Sud 2035, Australie"
138569386,-33.948575222,151.2571521476,open,2022-10-13,2022-10-13T12:00:03+11:00,"Maroubra Nouvelle-Galles du Sud 2035, Australie"
138712761,-33.9456700833,151.2572982778,open,2022-10-14,2022-10-14T11:15:24+11:00,"Maroubra Nouvelle-Galles du Sud 2035, Australie"
139145051,-33.9438267778,151.2548735833,open,2022-10-17,,"Maroubra Nouvelle-Galles du Sud 2035, Australie"
139320905,-33.788475,151.288025,open,2022-10-19,2022-10-19T15:45:05+11:00,"Manly Beach, Manly, NSW, AU"
139402645,-33.9493815016,151.2570291013,open,2022-10-20,2022-10-20T16:41:57+11:00,"Maroubra NSW 2035, Australia"
139403218,-33.9476860528,151.2574803829,open,2022-10-20,2022-10-20T16:53:48+11:00,"Maroubra SLSC, Marine Parade, Maroubra NSW 2035, Australia"
139501826,-33.9491473742,151.2570624858,open,2022-10-21,2022-10-21T17:31:00+11:00,"Sydney NSW, Australia"
139501897,-33.9475130573,151.2576758489,open,2022-10-21,2022-10-21T17:38:00+11:00,maroubra beach
139506309,-33.9213118586,151.2573975697,open,2022-10-21,2022-10-21T19:03:31+11:00,"Arden St at Coogee Bay Rd, Coogee NSW 2034, Australie"
139590652,-33.9485181944,151.2563487778,open,2022-10-22,2022-10-22T14:08:01+11:00,"Maroubra Nouvelle-Galles du Sud 2035, Australie"
139834603,-33.946212,151.2570640833,open,2022-10-24,2022-10-24T13:49:10+11:00,"Marine Parade opp Maroubra SLSC, Maroubra NSW 2035, Australie"
139936277,-33.9445471944,151.260153,open,2022-10-25,2022-10-25T14:31:28+11:00,"Maroubra Nouvelle-Galles du Sud 2035, Australie"
141656469,-33.9450421944,151.2598136944,open,2022-11-11,2022-11-11T10:48:20+11:00,"Marine Pde opp Bond St, Maroubra NSW 2035, Australie"
141748485,-33.9485385095,151.2570817396,open,2022-11-12,2022-11-12T11:39:00+11:00,Maroubra
141942231,-33.9462042778,151.2568193889,open,2022-11-14,2022-11-14T09:56:34+11:00,"Marine Parade opp Maroubra SLSC, Maroubra NSW 2035, Australie"
142321116,-33.98905887,151.2360649556,open,2015-12-15,,"La Perouse NSW 2036, Australia"
142572637,-33.8908094468,151.2784834206,open,2006-02-21,2006-02-21T16:44:13+11:00,"Bondi Beach NSW 2026, Australia"
143320420,-33.9521632,151.2570752,open,2022-11-30,2022-11-30T11:06:05+11:00,"Maroubra Beach, Maroubra NSW 2035, Australia"
143397548,-33.9474616035,151.2576805428,open,2022-12-01,2022-12-01T09:30:37+11:00,"Maroubra SLSC, Marine Parade, Maroubra NSW 2035, Australia"
143545258,-33.9462042778,151.2568193889,open,2022-11-14,2022-11-14T09:49:20+11:00,"Marine Parade opp Maroubra SLSC, Maroubra NSW 2035, Australie"
143545311,-33.9441121944,151.2593615833,open,2022-12-03,2022-12-03T13:31:23+11:00,"Maroubra Nouvelle-Galles du Sud 2035, Australie"
143687052,-33.9487140061,151.2571273372,open,2022-12-04,2022-12-04T11:43:30+11:00,Maroubra Beach
143687085,-33.9487140061,151.2571273372,open,2022-12-05,2022-12-05T10:07:27+11:00,Maroubra Beach
143762416,-33.752647,151.297875,open,,,Dee why
143769405,-33.9458193889,151.257132,open,2022-12-06,2022-12-06T13:29:02+11:00,"Marine Parade opp Maroubra SLSC, Maroubra NSW 2035, Australie"
143802127,-33.9499817316,151.1591657355,open,2022-12-06,2022-12-06T17:02:13+11:00,"Rockdale, AU-NS, AU"
144113434,-33.6863133333,151.3096616667,open,2022-12-11,2022-12-11T08:25:01+11:00,"Mona Vale Beach, Mona Vale, NSW, AU"
144121723,-33.904319856,151.2686047702,open,2022-10-07,2022-10-07T10:10:06+11:00,"Nelson Bay, Bronte, NSW, AU"
144131526,-33.9487140061,151.2571273372,open,2022-12-11,2022-12-11T17:05:48+11:00,Maroubra Beach
144784075,-33.8942387543,151.2739467993,open,2022-12-21,2022-12-21T16:30:16+11:00,"Bondi Beach NSW 2026, Australia"
144851938,-33.703394,151.3098347,open,2022-12-21,2022-12-21T15:10:14+11:00,"North Narrabeen NSW 2101, Australia"
145040725,-33.9793433177,151.25163652,open,2022-12-25,2022-12-25T16:31:14+11:00,"1, Little Bay NSW 2036, Australia"
145091891,-33.8007807997,151.2932863997,open,2022-12-22,2022-12-22T08:40:00+11:00,"Sydney NSW, Australia"
145093224,-33.7989561962,151.2905915827,open,2022-12-26,2022-12-26T09:57:01+11:00,"Northern Beaches Council, NSW, Australia"
145095570,-33.7801704167,151.2917175278,open,2022-10-01,2022-10-01T07:21:02+10:00,"Freshwater NSW 2096, Australia"
145168432,-33.9801128849,151.2520153821,open,2022-12-27,2022-12-27T18:02:12+11:00,"South End 34L/16R, Mascot NSW 2020, Australia"
145318740,-33.604070604,151.3253647462,open,2022-10-01,2022-10-01T08:26:00+10:00,Palm Beach
145605802,-33.9147916667,151.2614583333,open,2022-12-31,2022-12-31T10:40:30+11:00,"Gordon's Bay, Coogee, NSW, AU"
146103673,-34.0409136997,151.2082179997,open,2023-01-08,2023-01-08T16:36:43+11:00,"Kurnell NSW 2231, Australia"
146321086,-33.8007136668,151.2935041264,open,2022-12-23,2022-12-23T18:05:16+11:00,"Manly NSW 2095, Australia"
146671735,-33.8004612485,151.2913466245,open,2023-01-16,2023-01-16T17:03:23+11:00,"Conseil de Manly Nouvelle-Galles du Sud 2095, Australie"
147186022,-33.7043839722,151.306374,open,2022-07-12,2022-07-12T16:19:54+10:00,"Narrabeen NSW 2101, Australia"
147382150,-33.7385533333,151.3107916667,open,2023-01-26,2023-01-26T08:10:56+11:00,"Collaroy, NSW, AU"
147443414,-33.7424930001,151.320312,open,2023-01-26,2023-01-26T07:38:00+11:00,"Warringah, New South Wales, Australia"
147515323,-33.7989261867,151.2943293199,open,2022-12-23,2022-12-23T07:44:00+11:00,"Northern Beaches Council, NSW, Australia"
148650331,-33.79633,151.2884533333,open,2023-02-12,2023-02-12T19:42:10+11:00,"Fairy Bower Beach, Manly, NSW, AU"
148952115,-33.9258916667,151.2594616667,open,2023-02-17,2023-02-17T12:18:24+11:00,"Wylie's Baths, Coogee, NSW, AU"
149367816,-33.733257,151.303344,open,2023-02-20,2023-02-20T12:40:39+11:00,"Warringah, AU-NS, AU"
150537365,-33.738272,151.306946,open,2022-10-19,2022-10-19T16:35:43+11:00,"Collaroy NSW 2097, Australia"
150537387,-33.7382909722,151.307117,open,2022-10-19,2022-10-19T16:36:21+11:00,"Collaroy NSW 2097, Australia"
150537415,-33.7389519722,151.3084749722,open,2022-10-19,2022-10-19T16:40:06+11:00,"Collaroy NSW 2097, Australia"
150641499,-33.68158,151.3123033333,open,2023-03-09,2023-03-09T19:23:17+11:00,"Mona Vale Beach, Mona Vale, NSW, AU"
150645514,-33.7421199722,151.317788,open,2022-10-19,2022-10-19T17:52:51+11:00,Australia
150645548,-33.7421319722,151.3177949722,open,2022-10-19,2022-10-19T17:55:14+11:00,Australia
150900836,-33.789425,151.28772,open,2022-10-19,2022-10-19T15:47:07+11:00,"Manly Beach, Manly, NSW, AU"
151173924,-33.9485476657,151.2572649213,open,2023-02-07,2023-02-07T17:50:00+11:00,"Sydney NSW, Australia"
152682119,-33.736275,151.306105,open,2023-02-20,2023-02-20T16:48:06+11:00,"Collaroy Basin, Collaroy, NSW, AU"
152816354,-33.79217234,151.2877440672,open,2023-02-23,2023-02-23T10:56:00+11:00,"North Steyne Beach, Manly, NSW, AU"
156537835,-33.6114583333,151.331755,open,2023-04-25,2023-04-25T14:25:24+10:00,"Whale Beach, Whale Beach, NSW, AU"
157340460,-34.11655,151.139725,open,2023-04-28,2023-04-28T14:38:52+10:00,"Marley Beach, Royal National Park, NSW, AU"
159788957,-34.0541805,151.1553805,open,2022-12-02,2022-12-02T13:20:43+11:00,"Bate Bay, Cronulla, NSW, AU"
160899598,-33.9487140061,151.2571273372,open,2023-04-22,2023-04-22T09:11:40+10:00,Maroubra Beach
162063881,-34.1208333333,151.1353445,open,2023-05-16,2023-05-16T10:08:59+10:00,"Royal National Park, Royal National Park, NSW, AU"
165994038,-34.0817527622,151.1636300856,open,2023-06-06,2023-06-06T11:27:00+10:00,"Royal Nat'l Park NSW 2233, Australia"
166197724,-33.9477853443,151.2574582547,open,2023-06-08,2023-06-08T12:22:08+10:00,"Maroubra NSW 2035, Australia"
166563799,-33.9036,151.26808,open,2022-10-01,2022-10-01T14:26:19+10:00,"Bronte Beach, Bronte, NSW, AU"
168007463,-33.9215313857,151.2576604312,open,2015-09-26,2015-09-26T12:27:00+10:00,"Sydney NSW, Australia"
168210930,-33.6105256427,151.3017427307,open,2017-12-23,2017-12-23T15:09:00+11:00,"Pittwater NSW 2108, Australia"
181327171,-34.1159055,151.1419833333,open,2023-09-02,2023-09-02T14:23:24+10:00,"Marley Beach, Royal National Park, NSW, AU"
181872414,-33.8007666667,151.2956216667,open,2023-09-05,2023-09-05T12:39:16+10:00,"Bower St, Manly, NSW, AU"
185535554,-33.9532777778,151.2585916667,open,2023-09-30,2023-09-30T14:57:53+10:00,"City of Randwick, NSW, Australia"
185535934,-33.7348366667,151.30542,open,2023-09-30,2023-09-30T16:37:34+10:00,"Fishermans Beach, Collaroy, NSW, AU"
186616890,-33.8080783333,151.2912883333,open,2023-10-08,2023-10-08T09:42:17+11:00,"Collins Flat Beach, North Harbour, NSW, AU"
187224082,-33.738722,151.3102529722,open,2023-01-17,2023-01-17T17:11:01+11:00,"7865+7Q, Collaroy NSW 2097, Australia"
188116959,-33.89158,151.2746666667,open,2023-10-19,2023-10-19T18:35:29+11:00,"Bondi Beach, Campbell Pde, Stand A, Bondi Beach NSW 2026, Australia"
188117957,-33.8999333333,151.27005,open,2023-10-10,2023-10-10T16:40:35+11:00,"Tamarama Beach, Tamarama, NSW, AU"
188122690,-33.8906939636,151.2802529354,open,2023-10-19,2023-10-19T13:17:47+11:00,"Bondi Beach, Bondi Beach, NSW, AU"
188122708,-33.8933057415,151.274505075,open,2023-10-19,2023-10-19T13:08:14+11:00,"Bondi Beach, Bondi Beach, NSW, AU"
188232037,-33.798595,151.289825,open,2023-10-20,2023-10-20T12:45:31+11:00,"Fairy Bower Beach, Manly, NSW, AU"
188233933,-33.7357533333,151.3053883333,open,2023-10-20,2023-10-20T17:45:16+11:00,"Florence Ave, Collaroy, NSW, AU"
188236665,-33.9148205997,151.2612009,open,2023-10-20,2023-10-20T09:41:52+11:00,"Coogee NSW 2034, Australia"
188336616,-33.900275,151.27133,open,2023-10-21,2023-10-21T14:21:34+11:00,"Gaerloch Ave, Tamarama, NSW, AU"
188337261,-33.7973194444,151.28895,open,2023-10-21,2023-10-21T13:13:16+11:00,"Manly NSW 2095, Australia"
188872150,-33.91983606,151.25899466,open,2023-10-25,2023-10-25T18:42:11+11:00,"Coogee NSW 2034, Australia"
189089864,-33.7419584,151.3170328,open,2023-10-24,2023-10-24T09:42:00+11:00,"Long Reef Point, Collaroy NSW 2097, Australia"
189208447,-33.6783907012,151.3156900021,open,2023-10-28,2023-10-28T14:23:00+11:00,"Sydney NSW, Australia"
189208448,-33.6783907012,151.3156900021,open,2023-10-28,2023-10-28T14:23:00+11:00,"Sydney NSW, Australia"
189217259,-33.8396008616,151.2524217367,open,2023-10-20,2023-10-20T14:33:42+11:00,"Clifton Gardens, Mosman NSW 2088, Australia"
189461238,-33.7993499345,151.2907153591,open,2023-10-10,2023-10-10T06:52:00+11:00,Cabbage Tree Bay
189604501,-33.7987405097,151.2817052241,open,2023-11-01,2023-11-01T08:29:05+11:00,"South Steyne Beach, Manly, NSW, AU"
189604930,-33.7987366667,151.2816916667,open,2023-11-01,2023-11-01T08:29:05+11:00,"South Steyne Beach, Manly, NSW, AU"
189634445,-33.9160537351,151.2656379864,open,2023-11-01,2023-11-01T15:14:54+11:00,"City of Randwick, NSW, Australia"
189732868,-34.0406729722,151.207129,open,2023-11-02,2023-11-02T10:19:15+11:00,"Kurnell NSW 2231, Australia"
189738348,-33.9045333333,151.2687083333,open,2023-11-02,2023-11-02T16:09:42+11:00,"Nelson Bay, Bronte, NSW, AU"
189999300,-34.1214611667,151.1354666667,open,2023-09-23,2023-09-23T16:30:15+10:00,"Royal National Park, Royal National Park, NSW, AU"
190566056,-33.9256859,151.2593896,open,2023-11-08,2023-11-08T08:40:00+11:00,"4B Neptune St, Coogee NSW 2034, Australia"
190607420,-33.8031080768,151.2861401388,open,2007-11-17,2007-11-17T14:00:00+11:00,"Sydney New South Wales, Australien"
190773267,-33.6782037077,151.3158600549,open,2023-11-09,2023-11-09T11:29:00+11:00,"Sydney NSW, Australia"
190947371,-33.859,151.258225,open,2023-11-14,2023-11-14T10:00:12+11:00,"Port Jackson, Point Piper, NSW, AU"
190973435,-33.588279187,151.3018187719,open,2023-11-14,2023-11-14T11:39:00+11:00,"Ku-ring-gai Chase NSW 2084, Australia"
191707905,-33.9205194444,151.2581333333,open,2023-11-04,2023-11-04T17:52:00+11:00,"Sydney New South Wales, Australien"
191708148,-33.92165,151.2576444444,open,2023-11-04,2023-11-04T17:46:00+11:00,"Sydney New South Wales, Australien"
191746441,-33.7990886323,151.2904828096,open,2023-11-21,2023-11-21T06:53:00+11:00,"Northern Beaches Council, NSW, Australia"
191829843,-33.8994723333,151.2736573341,open,2023-10-27,2023-10-27T13:14:00+11:00,"Tamarama NSW 2026, Australia"
191829844,-33.9004225649,151.2718978045,open,2023-10-27,2023-10-27T13:14:00+11:00,"Tamarama NSW 2026, Australia"
192246187,-33.7339783333,151.3046883333,open,2023-11-04,2023-11-04T11:19:22+11:00,"Fishermans Beach, Collaroy, NSW, AU"
194008208,-33.9971083333,151.1454471667,open,2023-10-18,2023-10-18T12:34:23+11:00,"Stinkpot Bay, Botany Bay, NSW, AU"
195248105,-33.7874116667,151.2887116667,open,2023-12-30,2023-12-30T17:02:54+11:00,"South Pacific Ocean, Manly, NSW, AU"
195248129,-33.7869116667,151.2889116667,open,2023-12-30,2023-12-30T17:10:15+11:00,"Queenscliff Beach, Manly, NSW, AU"
195347119,-33.9002525494,151.2712674726,open,2023-12-31,2023-12-31T17:53:20+11:00,"Pacific St at Gaerloch Ave, Tamarama NSW 2026, Australia"
195427110,-33.7937333611,151.2879692778,open,2018-03-09,2018-03-09T15:05:00+11:00,"Sydney NSW, Australia"
195553424,-33.9149427225,151.271048457,open,2024-01-02,2024-01-02T19:15:30+11:00,"37MC+WQ Shark Point Dive Site, Clovelly NSW 2031, Australia"
195561397,-33.9044465428,151.2686749175,open,2024-01-02,2024-01-02T18:26:41+11:00,"Bronte NSW 2024, Australia"
195633228,-33.948902,151.257341,open,2024-01-03,,Marourbra
195825662,-33.991557,151.238363,open,2024-01-05,2024-01-05T15:00:00+11:00,Little Congwong
196114485,-33.7985485849,151.2896615267,open,2024-01-07,2024-01-07T17:51:38+11:00,"Manly NSW 2095, Australia"
196244883,-34.1161212495,151.1407892033,open,2024-01-07,2024-01-07T10:43:06+11:00,"Royal, Sutherland Shire - East, AU-NS, AU"
196451367,-33.736923,151.306167,open,2024-01-03,,"Fisherman's beach, Collaroy"
196782413,-33.96464,151.2517888,open,2024-01-16,2024-01-16T07:30:40+11:00,"Malabar NSW 2036, Australia"
196782605,-33.964736,151.2517248,open,2024-01-16,2024-01-16T07:32:59+11:00,"Malabar NSW 2036, Australia"
196830850,-33.5398099035,151.3099698722,open,2024-01-15,2024-01-15T19:38:04+11:00,"Coral Cres opp Beryl Bvd, Pearl Beach NSW 2256, Australia"
197557296,-33.8105166667,151.2468416667,open,2024-01-17,2024-01-17T07:35:20+11:00,"Parriwi Rd, Mosman, NSW, AU"
198465412,-33.6810144,151.3128063997,open,2023-04-22,2023-04-22T15:25:00+10:00,"Mona Vale NSW 2103, Australia"
198469211,-33.8067330365,151.2865588814,open,2024-02-05,2024-02-05T17:45:00+11:00,"Manly NSW 2095, Australia"
198707031,-33.8911416667,151.2788611111,open,2024-02-08,2024-02-08T17:03:09+11:00,"Bondi Beach NSW 2026, Australia"
198873944,-33.997045,151.2497716667,open,2024-02-10,2024-02-10T13:15:07+11:00,"Kamay Botany Bay National Park, La Perouse, NSW, AU"
198876065,-33.990406,151.23261618,open,2024-02-10,2024-02-10T17:02:54+11:00,"Malabar NSW 2036, Australia"
200457208,-33.9475833333,151.2577216667,open,2024-02-26,2024-02-26T09:06:21+11:00,"Maroubra Beach, Maroubra, NSW, AU"
200652422,-33.7931499903,151.2876488641,open,2024-02-28,2024-02-28T07:07:45+11:00,"North Steyne opp Carlton St, Manly NSW 2095, Australia"
200667222,-33.9502116667,151.2571116667,open,2024-02-28,2024-02-28T09:48:39+11:00,"Maroubra Bay, Maroubra, NSW, AU"
200751586,-33.850947,151.277222,open,2024-02-28,2024-02-28T11:04:00+11:00,"Parsley Bay, Vaucluse, NSW, Australia"
200774848,-33.9491416667,151.257295,open,2024-02-29,2024-02-29T10:07:04+11:00,"Maroubra Bay, Maroubra, NSW, AU"
200785646,-33.9258716667,151.259445,open,2024-02-29,2024-02-29T14:00:05+11:00,"Wylie's Baths, Coogee, NSW, AU"
200980001,-33.9477844238,151.2577209473,open,2024-03-02,2024-03-02T17:52:46+11:00,Maroubra
201218475,-33.6985633333,151.3101916667,open,2022-10-01,2022-10-01T09:15:07+10:00,"Turimetta Beach, Warriewood, NSW, AU"
201234113,-33.8921866667,151.2765366667,open,2024-03-02,2024-03-02T07:50:03+11:00,"Bondi Beach, Bondi Beach, NSW, AU"
202368021,-33.9485283333,151.25592,open,2024-03-14,2024-03-14T09:12:11+11:00,"Arthur Byrne Reserve, Maroubra, NSW, AU"
202423998,-33.8923916667,151.275405,open,2024-03-04,2024-03-04T12:10:04+11:00,"Bondi Beach, Bondi Beach, NSW, AU"
202506922,-34.0409521854,151.2107256378,open,2024-03-15,2024-03-15T18:36:22+11:00,"Kurnell NSW 2231, Australia"
202590731,-33.699175,151.309903,open,2024-03-16,,Turimetta beach
202943218,-33.9507833506,151.2568254354,open,2024-03-18,2024-03-18T10:01:47+11:00,"Maroubra Beach, Maroubra, NSW, AU"
203094250,-34.1169583333,151.1393445,open,2024-03-19,2024-03-19T14:59:41+11:00,"Marley Beach, Royal National Park, NSW, AU"
203858057,-33.9491716667,151.2574616667,open,2024-03-25,2024-03-25T16:02:06+11:00,"Maroubra Bay, Maroubra, NSW, AU"
203995240,-33.9644496,151.2540841997,open,2024-03-26,2024-03-26T18:50:20+11:00,Australia
203995248,-33.964483,151.254041,open,2024-03-26,2024-03-26T18:51:40+11:00,Australia
203995253,-33.964452,151.254041,open,2024-03-26,2024-03-26T18:51:43+11:00,Australia
203996484,-33.964452,151.254041,open,2024-03-26,2024-03-26T18:51:57+11:00,Australia
204110952,-33.9158461802,151.2656730229,open,2024-03-27,2024-03-27T16:24:36+11:00,"Cliffbrook Pde, Clovelly, NSW, AU"
204111168,-33.9159710725,151.2656650342,open,2024-03-27,2024-03-27T16:30:19+11:00,"Clovelly NSW 2031, Australia"
204118674,-33.9161761566,151.2664154917,open,2024-03-27,2024-03-27T17:06:22+11:00,"Clovelly NSW 2031, Australia"
204221015,-33.800225,151.2718966667,open,2024-03-17,2024-03-17T11:23:20+11:00,"Fairlight Walk, Fairlight, NSW, AU"
204238982,-33.9511133333,151.257155,open,2024-03-28,2024-03-28T14:55:38+11:00,"Maroubra Bay, Maroubra, NSW, AU"
204245505,-33.8816187123,151.2726691492,open,2024-03-26,2024-03-26T15:44:41+11:00,"Murriverie Rd, North Bondi, NSW, AU"
204326879,-33.7858384981,151.2880350825,open,2024-03-28,2024-03-28T17:18:00+11:00,"Manly NSW, Australia"
204687104,-33.9518283,151.2573698997,open,2024-03-31,2024-03-31T16:17:16+11:00,"Maroubra Beach, Maroubra NSW 2035, Australia"
204871545,-33.9509616667,151.2557366667,open,2024-04-01,2024-04-01T14:37:31+11:00,"Arthur Byrne Reserve, Maroubra, NSW, AU"
205290940,-33.9432046283,151.263644267,open,2024-04-04,2024-04-04T08:47:36+11:00,"Marine Pde, Maroubra, NSW, AU"
206027902,-33.9492416667,151.2562716667,open,2024-04-08,2024-04-08T16:47:04+10:00,"Arthur Byrne Reserve, Maroubra, NSW, AU"
207528949,-33.9191116667,151.25908,open,2024-04-16,2024-04-16T15:02:20+10:00,"Coogee NSW 2034, Australia"
207711258,-33.94623,151.2575533333,open,2024-04-17,2024-04-17T14:22:32+10:00,"Maroubra Beach, Maroubra, NSW, AU"
208435721,-34.0413138333,151.1648555,open,2024-04-21,2024-04-21T17:20:49+10:00,"Bate Bay, 克罗纳拉, NSW, AU"
208665563,-33.9488666667,151.257295,open,2024-04-22,2024-04-22T16:53:09+10:00,"Maroubra Beach, Maroubra, NSW, AU"
209108464,-33.8595875595,151.212583892,open,2024-04-24,2024-04-24T19:32:02+10:00,"Sydney Nový Jižní Wales, Austrálie"
212816692,-33.947575,151.2575833333,open,2024-05-02,2024-05-02T13:55:13+10:00,"Maroubra Beach, Maroubra, NSW, AU"
213930603,-33.9487616667,151.2573083333,open,2024-05-06,2024-05-06T10:30:23+10:00,"Maroubra Beach, Maroubra, NSW, AU"
214127197,-34.0485635169,151.157883008,open,2024-05-06,2024-05-06T15:27:30+10:00,"North Cronulla Beach, Cronulla, NSW, AU"
214541967,-33.8008935286,151.293914271,open,2024-03-01,2024-03-01T11:46:00+11:00,"Sydney Nouvelle-Galles du Sud, Australie"
214541973,-33.8009066667,151.2939283333,open,2024-03-01,2024-03-01T12:06:00+11:00,"Sydney Nouvelle-Galles du Sud, Australie"
214541974,-33.8009066667,151.2939283333,open,2024-03-01,2024-03-01T12:06:00+11:00,"Sydney Nouvelle-Galles du Sud, Australie"
214653317,-33.9452033333,151.256745,open,2024-05-09,2024-05-09T17:12:16+10:00,"Severn St, Maroubra, NSW, AU"
215368865,-33.893055,151.2749633333,open,,,"Bondi Beach, Bondi Beach, NSW, AU"
224327000,-33.7458737742,151.3050885005,open,2022-12-10,2022-12-10T01:29:00+11:00,"Collaroy NSW 2097, Australia"
224327002,-33.7434554028,151.3103121901,open,2022-12-10,2022-12-10T01:40:00+11:00,"Warringah, AU-NS, AU"
225879558,-33.7421948,151.318003,open,2024-05-02,2024-05-02T17:07:13+10:00,Australia
226776470,-33.7470033333,151.3031916667,open,2024-07-03,2024-07-03T07:21:18+10:00,"Dee Why Beach, Dee Why, NSW, AU"
226871252,-33.8928934313,151.278786175,open,2024-07-03,2024-07-03T14:20:17+10:00,"Boundary St opp Northumberland St, Clovelly NSW 2024, Australia"
227007098,-33.9002671559,151.2709721459,open,2024-07-04,2024-07-04T10:36:11+10:00,"Tamarama Beach, Tamarama, NSW, AU"
227007296,-33.9002464107,151.2709451561,open,2024-07-04,2024-07-04T10:37:16+10:00,"Tamarama Beach, Tamarama, NSW, AU"
227051059,-33.94608,151.2583166667,open,2024-07-04,2024-07-04T15:50:47+10:00,"Maroubra Beach, Maroubra, NSW, AU"
227068195,-33.7427998688,151.3111998206,open,2024-07-04,2024-07-04T14:15:52+10:00,"Collaroy, NSW, AU"
227402593,-33.9640134154,151.2525335514,open,2024-07-06,2024-07-06T09:03:15+10:00,"South Pacific Ocean, Malabar, NSW, AU"
227403247,-33.9647711083,151.252209066,open,2024-07-06,2024-07-06T09:13:14+10:00,"Long Bay, Malabar, NSW, AU"
228126953,-33.9002633333,151.2711333333,open,2024-07-06,2024-07-06T10:58:10+10:00,"Tamarama Beach, Tamarama, NSW, AU"
228390697,-33.90028,151.2713,open,2024-07-06,2024-07-06T10:57:03+10:00,"Tamarama Beach, Tamarama, NSW, AU"
234271809,-33.746425,151.3040916667,open,2024-07-05,2024-07-05T06:57:11+10:00,"Long Reef Beach, Collaroy, NSW, AU"
242573879,-33.891552,151.277241,open,2024-09-17,2024-09-17T10:39:00+10:00,"-33.891552, 151.277241"
243302910,-33.7001693215,151.3091088478,open,2024-09-17,2024-09-17T14:00:00+10:00,"Sydney NSW, Australia"
244411286,-33.92101382,151.25783273,open,2024-09-28,2024-09-28T11:08:31+10:00,"Arden St opp Coogee Bay Rd, Coogee NSW 2034, Australia"
244440292,-33.7438847607,151.3092361307,open,2024-09-27,2024-09-27T12:52:00+10:00,"Sydney NSW, Australia"
245188834,-33.8922,151.2741777778,open,2024-10-02,2024-10-02T15:15:56+10:00,"Bondi Beach NSW 2026, Australia"
246580169,-33.9890116667,151.2349866667,open,2024-10-10,2024-10-10T13:16:08+11:00,"Congwong Beach, La Perouse, NSW, AU"
246872374,-33.9040333506,151.2684121783,open,2024-10-03,2024-10-03T05:47:57+10:00,"Bronte Beach, Bronte, NSW, AU"
246877938,-33.9203383832,151.258132495,open,2024-10-12,2024-10-12T10:20:00+11:00,"Arden St opp Coogee Bay Rd, Coogee NSW 2034, Australia"
246877987,-33.9203383832,151.258132495,open,2024-10-12,2024-10-12T10:20:00+11:00,"Arden St opp Coogee Bay Rd, Coogee NSW 2034, Australia"
246878059,-33.9203383832,151.258132495,open,2024-10-12,2024-10-12T10:20:00+11:00,Coogee Beach
247066535,-34.0383477414,151.2016307831,open,2024-10-13,2024-10-13T11:38:00+11:00,"Boat Harbour, Kurnell NSW 2231, Australia"
247426788,-33.7389304134,151.3126981068,open,2024-09-28,2024-09-28T12:38:00+10:00,"Sydney NSW, Australia"
247426802,-33.74186915,151.3159624598,open,2024-09-28,2024-09-28T12:46:00+10:00,"Sydney NSW, Australia"
247714974,-33.9637241584,151.2529058754,open,2024-10-17,2024-10-17T13:06:19+11:00,"Malabar NSW 2036, Australia"
247742914,-33.8004386813,151.2978167832,open,2024-10-17,2024-10-17T13:46:52+11:00,"North Steyne opp Carlton St, Manly NSW 2095, Australie"
247871460,-33.7992833333,151.2906033333,open,2024-10-18,2024-10-18T15:12:43+11:00,"Fairy Bower Beach, Manly, NSW, AU"
248234275,-33.7333154338,151.3031145112,open,2024-10-05,2024-10-05T13:29:00+10:00,"Sydney NSW, Australia"
248540700,-33.9213633333,151.257295,open,2022-10-01,2022-10-01T13:37:20+10:00,"Arden St, Coogee, NSW, AU"
248574291,-34.0444282797,151.161179021,open,2024-10-22,2024-10-22T13:00:00+11:00,"Cronulla Nouvelle-Galles du Sud 2230, Australie"
248579356,-33.8940610456,151.2740643451,open,2024-10-22,2024-10-22T13:50:19+11:00,"Bondi Beach, Bondi Beach, NSW, AU"
248702162,-33.8701166667,151.2675277778,open,2024-10-23,2024-10-23T08:38:00+11:00,"Sydney NSW, Australia"
248702163,-33.8701166667,151.2675277778,open,2024-10-23,2024-10-23T08:39:00+11:00,"Sydney NSW, Australia"
248702164,-33.8697083333,151.2679611111,open,2024-10-23,2024-10-23T08:40:00+11:00,"Sydney NSW, Australia"
248702165,-33.8697083333,151.2679611111,open,2024-10-23,2024-10-23T08:40:00+11:00,"Sydney NSW, Australia"
248702166,-33.8692694444,151.2683333333,open,2024-10-23,2024-10-23T08:41:00+11:00,"Sydney NSW, Australia"
248702167,-33.8688194444,151.2685611111,open,2024-10-23,2024-10-23T08:44:00+11:00,"Sydney NSW, Australia"
248849825,-33.9147716667,151.2694866667,open,2024-10-24,2024-10-24T15:38:31+11:00,"Clovelly, NSW, AU"
248893510,-33.8396166667,151.2790805556,open,2024-10-23,2024-10-23T09:33:00+11:00,"Sydney NSW, Australia"
248893527,-33.8403638889,151.2781444444,open,2024-10-23,2024-10-23T09:29:00+11:00,"Sydney NSW, Australia"
248893528,-33.8403638889,151.2781444444,open,2024-10-23,2024-10-23T09:29:00+11:00,"Sydney NSW, Australia"
248893529,-33.8403638889,151.2781444444,open,2024-10-23,2024-10-23T09:29:00+11:00,"Sydney NSW, Australia"
248893532,-33.8403638889,151.2781444444,open,2024-10-23,2024-10-23T09:30:00+11:00,"Sydney NSW, Australia"
248893534,-33.840425,151.2782583333,open,2024-10-23,2024-10-23T09:31:00+11:00,"Sydney NSW, Australia"
248949225,-33.7704694444,151.2949972222,open,2024-10-25,,"Warringah, AU-NS, AU"
248988143,-34.0391783,151.1677736997,open,2024-10-25,2024-10-25T10:12:23+11:00,"Kurnell NSW 2231, Australia"
248993901,-33.9205383333,151.2580866667,open,2024-10-25,2024-10-25T11:03:17+11:00,"Coogee Beach, Coogee, NSW, AU"
249016172,-33.8356194444,151.2794,open,2024-10-23,2024-10-23T09:56:00+11:00,"Sydney NSW, Australia"
249016173,-33.8356138889,151.2793972222,open,2024-10-23,2024-10-23T09:56:00+11:00,"Sydney NSW, Australia"
249021711,-33.7908216667,151.2878283333,open,2024-10-04,2024-10-04T13:07:34+10:00,"North Steyne Beach, Manly, NSW, AU"
249092013,-33.8002883333,151.28412,open,2024-10-26,2024-10-26T10:22:18+11:00,"Manly Wharf, Manly, NSW, AU"
249105030,-33.5300194444,151.3413305556,open,2024-10-26,2024-10-26T13:16:10+11:00,"F8CR+4H, Box Head NSW 2257, Australia"
249115884,-34.0534388333,151.1555471667,open,2024-10-26,2024-10-26T15:10:39+11:00,"Ozone St, Cronulla, NSW, AU"
249116564,-33.7526633333,151.29712,open,2024-10-26,2024-10-26T10:37:04+11:00,"Dee Why Beach, Dee Why, NSW, AU"
249116633,-34.069711,151.155664,open,2024-10-26,,"Oak park beach, Cronulla "
249154614,-33.9972333333,151.2448583333,open,2024-10-26,2024-10-26T18:22:32+11:00,"Kamay Botany Bay National Park, La Perouse, NSW, AU"
249274944,-34.1175546997,151.1395345997,open,2024-10-27,2024-10-27T12:11:23+11:00,"V4JQ+JM, Royal Nat'l Park NSW 2232, Australia"
249280198,-33.90023,151.27063,open,2024-10-27,2024-10-27T17:17:44+11:00,"Tamarama Beach, Tamarama, NSW, AU"
249300229,-34.0627800985,151.1555663649,open,2024-10-27,2024-10-27T16:54:00+11:00,"Sydney NSW, Australia"
249300231,-34.0627800985,151.1555663649,open,2024-10-27,2024-10-27T16:57:00+11:00,"Sydney NSW, Australia"
249300234,-34.0627800985,151.1555663649,open,2024-10-27,2024-10-27T17:03:00+11:00,"Sydney NSW, Australia"
249444825,-33.7410728034,151.310829326,open,2024-09-28,2024-09-28T12:46:00+10:00,"Sydney NSW, Australia"
249448931,-33.9002283333,151.2706133333,open,2024-10-27,2024-10-27T17:17:03+11:00,"Tamarama Beach, Tamarama, NSW, AU"
249544953,-33.7358333333,151.3058916667,open,2024-10-29,2024-10-29T07:38:35+11:00,"Fishermans Beach, Collaroy, NSW, AU"
249873435,-33.752576,151.297515,open,2024-10-30,,Dee Why
250050202,-33.7464116667,151.3042,open,2024-11-01,2024-11-01T18:25:48+11:00,"Long Reef Beach, Collaroy, NSW, AU"
250055877,-33.9256859,151.2593896,open,2024-11-01,2024-11-01T16:44:00+11:00,"4B Neptune St, Coogee NSW 2034, Australia"
250094764,-34.0344238056,151.1841583056,open,2024-11-02,2024-11-02T13:41:30+11:00,"Kurnell NSW 2231, Australia"
250102173,-33.823145,151.252105,open,2024-11-02,2024-11-02T15:50:59+11:00,"Edwards Beach, Mosman, NSW, AU"
250112133,-33.7993692,151.2970172997,open,2024-11-02,2024-11-02T15:08:12+11:00,"Manly NSW 2095, Australia"
250129185,-33.90013,151.2706916667,open,2024-11-02,2024-11-02T19:14:59+11:00,"Tamarama Beach, Tamarama, NSW, AU"
250252032,-33.7740466667,151.292555,open,2024-11-03,2024-11-03T15:20:55+11:00,"Carrington Pde, Curl Curl, NSW, AU"
250275940,-33.5902133333,151.3256833333,open,2024-11-03,2024-11-03T13:45:33+11:00,"Palm Beach, NSW, AU"
250361460,-33.7358966667,151.3059083333,open,2024-11-04,2024-11-04T08:30:04+11:00,"Fishermans Beach, Collaroy, NSW, AU"
250422577,-33.7996121,151.2904582,open,2024-10-14,2024-10-14T08:38:00+11:00,"Sydney NSW, Australia"
250425909,-33.7992307417,151.290839766,open,2024-10-14,2024-10-14T07:01:00+11:00,Cabbage Tree Bay
250509713,-34.1171805,151.1393583333,open,2024-11-02,2024-11-02T17:08:11+11:00,"Royal National Park, Royal National Park, NSW, AU"
250520972,-33.74303,151.3111583333,open,2024-11-04,2024-11-04T16:29:48+11:00,"Long Reef Beach, Collaroy, NSW, AU"
250555730,-33.9326095581,151.261138916,open,2024-10-30,2024-10-30T12:22:20+11:00,South Coogee
250779079,-33.7026027053,151.3096567388,open,2024-10-27,2024-10-27T12:06:00+11:00,"Sydney NSW, Australia"
250779095,-33.7026027053,151.3096567388,open,2024-10-27,2024-10-27T12:37:00+11:00,"Sydney NSW, Australia"
250779104,-33.7005534918,151.3090843917,open,2024-10-27,2024-10-27T12:56:00+11:00,"Sydney NSW, Australia"
250992881,-34.1205944444,151.1354444444,open,2024-11-09,2024-11-09T12:30:42+11:00,"Marley NSW 2232, Australia"
251742057,-33.8911666667,151.2782283333,open,2024-11-15,2024-11-15T12:47:35+11:00,"Bondi Beach, Bondi Beach, NSW, AU"
251851689,-33.7979741174,151.2894393283,open,2024-11-16,2024-11-16T16:40:08+11:00,"Fairy Bower Beach, Manly, NSW, AU"
251964790,-34.0,151.1358472222,open,2024-11-17,2024-11-17T13:10:00+11:00,"Sydney NSW, Australia"
251985452,-33.92248,151.2575083333,open,2024-11-17,2024-11-17T13:09:48+11:00,"库基海滩, 库吉镇, NSW, AU"
252333045,-33.9487140061,151.2571273372,open,2023-08-14,2023-08-14T08:40:22+10:00,"Maroubra NSW 2035, Australia"
252372983,-33.96566,151.2575416667,open,2024-11-01,2024-11-01T13:58:00+11:00,"Malabar NSW 2036, Australia"
252834944,-33.5548680539,151.2692499161,open,2024-11-24,2024-11-24T16:36:54+11:00,"Gosford - West, AU-NS, AU"
252948413,-33.9219532468,151.2575222325,open,2024-11-25,2024-11-25T08:43:38+11:00,"Coogee Beach, Coogee, NSW, AU"
253126942,-33.9781616667,151.2547616667,open,2024-11-16,2024-11-16T13:04:47+11:00,"Little Bay, NSW, AU"
253688469,-33.7390833333,151.3095083333,open,2024-12-01,2024-12-01T07:36:31+11:00,"Collaroy, NSW, AU"
254599395,-33.581599,151.308994,open,2024-11-23,2024-11-23T19:32:00+11:00,"Pittwater, Ku-ring-gai Chase, AU-NS, AU"
255145463,-33.781335,151.290645,open,2024-12-14,,Freshwater Beach
255627992,-33.70297,151.3082283333,open,2024-12-19,2024-12-19T09:56:55+11:00,"Narrabeen Park Pde, North Narrabeen, NSW, AU"
255942877,-33.903323,151.268349,open,2024-12-22,,Brontë beach 
256252982,-33.900724,151.270903,open,2024-12-13,2024-12-13T13:00:00+11:00,tamarama
256480931,-33.914805,151.261305,open,2024-12-28,2024-12-28T16:03:24+11:00,"Gordon's Bay, Coogee, NSW, AU"
256569267,-33.7675165261,151.3018369416,open,2024-12-29,2024-12-29T12:17:21+11:00,"North Curl Curl, NSW, AU"
256683754,-33.743205,151.3103033333,open,2024-12-30,2024-12-30T06:49:36+11:00,"Long Reef Beach, Collaroy, NSW, AU"
256703236,-34.0646138889,151.1557166667,open,2024-12-28,2024-12-28T19:57:00+11:00,"Sydney NSW, Australia"
256710726,-33.8260416667,151.2517083333,open,2024-12-29,2024-12-29T08:17:50+11:00,"Balmoral Beach, Mosman, NSW, AU"
256735205,-33.825762,151.251581,open,2024-12-30,,Balmoral beach
256795132,-33.7385,151.3074633333,open,2024-12-31,2024-12-31T06:57:54+11:00,"Fishermans Beach, Collaroy, NSW, AU"
257289279,-33.9256858226,151.2593894452,open,2025-01-04,,"Coogee NSW 2034, Australia"
257400747,-33.7988700867,151.2899932861,open,2025-01-05,2025-01-05T09:19:59+11:00,Manly
257452029,-33.9380086101,151.2599382922,open,2025-01-05,2025-01-05T11:18:06+11:00,"Maroubra NSW 2035, Australia"
257884072,-33.9890324607,151.2350802496,open,2025-01-02,2025-01-02T13:21:35+11:00,"Anzac Pde Terminus, La Perouse NSW 2036, Australia"
258105534,-33.7796852,151.29778625,open,2025-01-11,2025-01-11T14:55:36+11:00,"South Pacific Ocean, Freshwater, NSW, AU"
258123747,-33.963945,151.2534333333,open,2024-07-05,2024-07-05T13:40:37+10:00,"Fishermans Rd, Malabar, NSW, AU"
258123768,-33.9647333333,151.25177,open,2024-07-05,2024-07-05T13:01:07+10:00,"South Pacific Ocean, Malabar, NSW, AU"
258327399,-33.7972133333,151.28827,open,2025-01-12,2025-01-12T16:17:12+11:00,"South Steyne Reserve, Manly, NSW, AU"
258328341,-33.9486286279,151.2577263077,open,2025-01-13,2025-01-13T09:45:00+11:00,"Maroubra Bay, Maroubra, NSW, AU"
258340427,-33.7978366667,151.2895666667,open,2025-01-13,2025-01-13T15:27:56+11:00,"Fairy Bower Beach, Manly, NSW, AU"
258428357,-33.79315,151.287649,open,2025-01-13,,"Manly Beach, South Steyne"
259035476,-33.7335346997,151.3035969997,open,2025-01-20,2025-01-20T17:40:56+11:00,"Collaroy NSW 2097, Australia"
259506120,-33.7422111111,151.3173833333,open,2016-11-17,2016-11-17T09:51:00+11:00,"Sydney NSW, Australia"
259506154,-34.0818361111,151.1619861111,open,2017-02-03,2017-02-03T11:51:00+11:00,"Jibbon NSW, Australia"
259638751,-33.98897391,151.2345934831,open,2025-01-22,2025-01-22T20:20:26+11:00,"Congwong Beach, La Perouse, NSW, AU"
259643998,-33.9198092002,151.2589536443,open,2025-01-27,2025-01-27T00:35:24+11:00,"Coogee Beach, Coogee, NSW, AU"
260044561,-33.679447234,151.3140853238,open,2024-12-30,2024-12-30T12:26:00+11:00,"Mona Vale NSW 2103, Australia"
260232227,-33.78773,151.2887116667,open,2025-02-01,2025-02-01T16:22:37+11:00,"Manly, NSW, AU"
260295410,-33.919965,151.258329,open,2025-02-01,,Coogee Beach
260363274,-33.79895548,151.2948487215,open,2025-02-02,2025-02-02T16:34:00+11:00,"Manly, AU-NS, AU"
260484427,-33.9688638889,151.1524888889,open,2025-02-02,2025-02-02T12:24:42+11:00,"Monterey NSW 2217, Australia"
260548125,-33.5212087,151.3167687,open,2025-01-31,2025-01-31T18:01:00+11:00,"Umina Beach NSW 2257, Australia"
260553286,-33.9256858226,151.2593894452,open,2025-02-04,2025-02-04T06:54:09+11:00,"Coogee NSW 2034, Australia"
260583491,-33.7977603824,151.2986703962,open,,,Australia
260592866,-33.950379492,151.2572844264,open,2025-02-04,2025-02-04T11:37:21+11:00,"Maroubra Bay, Maroubra, NSW, AU"
260672492,-34.04237,151.163169,open,2025-02-02,,Wanda Beach
260882826,-33.79907,151.2902833333,open,2025-02-07,2025-02-07T15:47:28+11:00,"Fairy Bower Beach, Manly, NSW, AU"
260882842,-33.799225,151.2904366667,open,2025-02-07,2025-02-07T15:48:48+11:00,"Fairy Bower Beach, Manly, NSW, AU"
260882854,-33.799255,151.2904966667,open,2025-02-07,2025-02-07T15:49:26+11:00,"Fairy Bower Beach, Manly, NSW, AU"
260882880,-33.799345,151.29062,open,2025-02-07,2025-02-07T15:51:00+11:00,"Fairy Bower Beach, Manly, NSW, AU"
260955996,-33.9533105,151.2578531997,open,2025-02-08,2025-02-08T08:41:02+11:00,"Maroubra NSW 2035, Australia"
261095551,-33.9801466667,151.2516783333,open,2025-02-08,2025-02-08T11:41:59+11:00,"Little Bay, Little Bay, NSW, AU"
262069768,-33.5247225576,151.3266332708,open,2019-02-21,2019-02-21T16:06:00+11:00,"Центральное побережье Нов. Юж. Уэльс, Австралия"
262669828,-33.7420783333,151.3182366667,open,2025-02-22,2025-02-22T16:48:20+11:00,"Collaroy, NSW, AU"
262787594,-33.7558890094,151.2997036897,open,2025-02-23,2025-02-23T14:03:50+11:00,"Dee Why, NSW, AU"
263419901,-33.8906320405,151.2816726824,open,2025-03-01,2025-03-01T08:30:53+11:00,"Bondi Beach, Bondi Beach, NSW, AU"
263464752,-33.950263422,151.2570391595,open,2025-02-28,,"Maroubra NSW 2035, Australia"
263529186,-33.738025,151.3108366667,open,2025-03-01,2025-03-01T18:04:07+11:00,"Collaroy, NSW, AU"
263551841,-33.7345510338,151.3053662341,open,2025-03-01,2025-03-01T17:37:29+11:00,"Fishermans Beach, Collaroy, NSW, AU"
263586787,-33.9201136708,151.2606627424,open,2025-03-01,2025-03-01T18:57:04+11:00,"Beach St, Coogee, NSW, AU"
263592801,-33.5909805556,151.3259416667,open,2025-03-02,2025-03-02T16:25:44+11:00,"1193 Barrenjoey Road located inside Governor Phillip Park, Palm Beach NSW 2108, Australia"
263746395,-33.9225333037,151.2574929649,open,2025-03-03,2025-03-03T21:44:34+11:00,"Coogee Beach, Coogee, NSW, AU"
263934117,-33.9201744346,151.2579222108,open,2025-03-02,2025-03-02T17:18:12+11:00,"Coogee Beach, Coogee, NSW, AU"
263970856,-33.7994340156,151.2784106657,open,2025-03-05,2025-03-05T11:47:00+11:00,"Manly NSW 2095, Australia"
263970877,-33.7994462745,151.2782976776,open,2025-03-05,2025-03-05T11:47:05+11:00,"Manly NSW 2095, Australia"
264055312,-33.9538766,151.1614822997,open,2025-03-06,2025-03-06T15:05:37+11:00,"Brighton-Le-Sands NSW 2216, Australia"
264271468,-34.061463886,151.1565072834,open,2025-03-07,2025-03-07T18:11:49+11:00,"Cronulla NSW 2230, Australia"
264756398,-33.9134616967,151.266275011,open,2025-03-06,2025-03-06T14:34:45+11:00,"Clovelly Rd Terminus, Clovelly NSW 2031, Australia"
264906509,-33.6785166667,151.3151083333,open,2025-03-09,2025-03-09T18:22:16+11:00,"Mona Vale Beach, Mona Vale, NSW, AU"
265023335,-33.8910533333,151.2790216667,open,2025-03-12,2025-03-12T13:59:25+11:00,"Bondi Beach, Bondi Beach, NSW, AU"
265035832,-33.9134616967,151.266275011,open,2025-03-12,2025-03-12T17:51:30+11:00,"Clovelly Rd Terminus, Clovelly NSW 2031, Australia"
265040655,-33.9136186235,151.2665207684,open,2025-03-12,2025-03-12T17:58:15+11:00,"Clovelly Rd Terminus, Clovelly NSW 2031, Australia"
265135723,-33.9134618,151.2662751,open,2025-03-12,2025-03-12T16:57:00+11:00,"Clovelly Beach, Clovelly NSW 2031, Australia"
265135849,-33.9134618,151.2662751,open,2025-03-12,2025-03-12T16:57:00+11:00,"Clovelly Beach, Clovelly NSW 2031, Australia"
265135867,-33.9134618,151.2662751,open,2025-03-12,2025-03-12T16:58:00+11:00,"Clovelly Beach, Clovelly NSW 2031, Australia"
265135901,-33.9134618,151.2662751,open,2025-03-12,2025-03-12T17:02:00+11:00,"Clovelly Beach, Clovelly NSW 2031, Australia"
265135995,-33.9134618,151.2662751,open,2025-03-12,2025-03-12T17:02:00+11:00,"Clovelly Beach, Clovelly NSW 2031, Australia"
265257268,-33.9222283333,151.2576616667,open,2025-03-14,2025-03-14T16:30:59+11:00,"Coogee Beach, Coogee, NSW, AU"
265263227,-33.9256859,151.2593896,open,2025-03-14,2025-03-14T17:18:00+11:00,"4B Neptune St, Coogee NSW 2034, Australia"
265263308,-33.9256859,151.2593896,open,2025-03-14,2025-03-14T17:23:00+11:00,"4B Neptune St, Coogee NSW 2034, Australia"
265263428,-33.9256859,151.2593896,open,2025-03-14,2025-03-14T17:23:00+11:00,"4B Neptune St, Coogee NSW 2034, Australia"
265263537,-33.9256859,151.2593896,open,2025-03-14,2025-03-14T17:28:00+11:00,"4B Neptune St, Coogee NSW 2034, Australia"
265492993,-33.781444436,151.2907233462,open,2025-03-08,2025-03-08T08:48:12+11:00,"Freshwater NSW 2096, Australia"
265722451,-34.0472805,151.158675,open,2024-12-14,2024-12-14T12:58:00+11:00,"Elouera Beach, Cronulla, NSW, AU"
265809071,-33.9203982073,151.2581249541,open,2025-03-18,2025-03-18T20:48:51+11:00,"Coogee Beach, Coogee, NSW, AU"
265946338,-33.7971541,151.2882672,open,2025-03-19,2025-03-19T18:08:00+11:00,"Sydney NSW, Australia"
266065711,-33.9256859,151.2593896,open,2025-03-20,2025-03-20T10:18:00+11:00,"4B Neptune St, Coogee NSW 2034, Australia"
266085140,-33.9256859,151.2593896,open,2025-03-20,2025-03-20T19:15:00+11:00,"4B Neptune St, Coogee NSW 2034, Australia"
266209423,-33.9256859,151.2593896,open,2025-03-21,2025-03-21T17:18:00+11:00,"4B Neptune St, Coogee NSW 2034, Australia"
266335016,-33.8907333333,151.2818,open,2025-03-22,2025-03-22T17:30:06+11:00,"Bondi Beach NSW 2026, Australia"
266365278,-33.9003555556,151.2707805556,open,2025-03-22,2025-03-22T15:26:00+11:00,"Tamarama NSW 2026, Australia"
266393882,-33.9035388889,151.2683722222,open,2024-10-25,2024-10-25T12:45:00+11:00,"Sydney NSW, Australia"
266638112,-33.91833805,151.24014455,open,2024-11-21,2024-11-21T13:16:03+11:00,"Prince of Wales Private Hospital, Randwick, NSW, AU"
266706712,-33.9137075541,151.2672120871,open,2025-03-22,2025-03-22T17:41:00+11:00,"Sydney NSW, Australia"
266827303,-33.7927583333,151.287995,open,2025-03-01,2025-03-01T14:54:01+11:00,"South Pacific Ocean, Manly, NSW, AU"
266834064,-33.8907794282,151.2802556904,open,2025-03-25,2025-03-25T11:58:26+11:00,"Bondi Beach, Bondi Beach, NSW, AU"
266876766,-33.731896434,151.3021329407,open,2025-03-25,2025-03-25T09:48:00+11:00,"Collaroy Beach, Sydney, New South Wales"
266876769,-33.732086,151.302124,open,2025-03-25,2025-03-25T09:54:00+11:00,"Collaroy Beach, Sydney, New South Wales"
266935409,-33.893126,151.274411,open,2025-03-04,2025-03-04T15:26:00+11:00,"Bondi Beach, NSW, AU"
267111460,-33.8914208624,151.2781675876,open,2025-02-25,2025-02-25T11:30:00+11:00,"Bondi Beach NSW 2026, Australia"
267300390,-33.73766,151.31326,open,2025-03-28,2025-03-28T15:04:40+11:00,Australia
267311713,-33.9201022,151.2605678,open,2025-03-28,2025-03-28T13:25:00+11:00,"105-109R Beach St, Coogee NSW 2034, Australia"
267329307,-33.9218376989,151.2578038614,open,2025-03-28,2025-03-28T21:35:21+11:00,"Coogee Bay, Coogee, NSW, AU"
267426556,-33.8917429659,151.282348399,open,2025-03-29,2025-03-29T10:32:30+11:00,"Ramsgate Ave, North Bondi, NSW, AU"
267426636,-33.8907242391,151.2815371363,open,2025-03-29,2025-03-29T10:32:05+11:00,"Ramsgate Ave, North Bondi, NSW, AU"
267426746,-33.8916652277,151.2823925728,open,2025-03-29,2025-03-29T10:32:50+11:00,"Ramsgate Ave, North Bondi, NSW, AU"
267457610,-33.8920237997,151.2824817997,open,2025-03-29,2025-03-29T12:10:26+11:00,"North Bondi NSW 2026, Australia"
267457983,-33.890695,151.28,open,2025-03-29,2025-03-29T15:06:33+11:00,"Bondi Beach, Bondi Beach, NSW, AU"
267459390,-33.89227,151.28253,open,2025-03-29,2025-03-29T12:55:12+11:00,"Bondi Bay, North Bondi, NSW, AU"
267467621,-33.893725,151.2740333333,open,2025-03-29,2025-03-29T14:38:30+11:00,"Bondi Beach, Bondi Beach, NSW, AU"
267471143,-33.8929599465,151.2827303633,open,2025-03-29,2025-03-29T15:46:44+11:00,"North Bondi NSW 2026, Australia"
267477146,-33.8921283333,151.2825,open,2025-03-29,2025-03-29T12:13:02+11:00,"Ramsgate Ave, North Bondi, NSW, AU"
267477850,-33.9532194991,151.2576654553,open,,,"Maroubra NSW 2035, Australia"
267478621,-33.9037488835,151.2684496191,open,2025-03-29,2025-03-29T16:59:42+11:00,"Bronte Beach, Bronte, NSW, AU"
267479927,-33.9516136797,151.2569120899,open,,,"Maroubra NSW 2035, Australia"
267486094,-33.891955,151.2823783333,open,2025-03-29,2025-03-29T13:48:59+11:00,"Bondi Bay, North Bondi, NSW, AU"
267623019,-33.9036526383,151.2681324407,open,2025-03-30,2025-03-30T12:00:25+11:00,"37W9+J8, Bronte NSW 2024, Australia"
269586570,-33.9522805556,151.2571277778,open,2025-04-10,2025-04-10T15:02:00+10:00,"Maroubra NSW 2035, Australia"
270550330,-33.781055,151.29187,open,2024-12-21,2024-12-21T19:43:20+11:00,"Freshwater Beach, Freshwater, NSW, AU"
272886163,-33.9492329843,151.2573459372,open,2025-04-24,2025-04-24T11:05:19+10:00,"Maroubra NSW 2035, Australia"
273727389,-33.8386533333,151.2540883333,open,2025-03-25,2025-03-25T12:54:34+11:00,"Chowder Bay Rd, Mosman, NSW, AU"
275462676,-33.890824,151.2819709722,open,2025-04-28,2025-04-28T15:34:21+10:00,"Bondi Beach New South Wales 2026, Australien"
282510371,-33.7994533333,151.2778633333,open,2025-03-10,2025-03-10T15:20:59+11:00,"Fairlight Walk, Manly, NSW, AU"
282836388,-33.9004123847,151.2704217061,open,2025-05-20,2025-05-20T13:19:03+10:00,"Tamarama NSW 2026, Australia"
287791324,-34.0404828079,151.2095316274,open,2025-06-08,2025-06-08T15:01:55+10:00,"Kamay Botany Bay National Park, Kurnell, NSW, AU"
290155208,-33.5833466667,151.3292083333,open,2023-11-03,2023-11-03T16:20:06+11:00,"Palm Beach, NSW, AU"
292825137,-33.7422972222,151.3170916667,open,2022-10-10,2022-10-10T13:10:00+11:00,"Long Reef Rock Platform, Long Reef Aquatic Reserve, Collaroy, Sydney, New South Wales"
293903616,-33.9657333333,151.2578366667,open,2024-11-01,2024-11-01T14:01:00+11:00,"Malabar NSW 2036, Australia"
298196095,-33.9151361111,151.2607694444,open,2025-03-25,2025-03-25T13:34:35+11:00,"Coogee NSW 2034, Australia"
298338911,-33.8928324711,151.2745619095,open,2011-01-15,,"Sydney NSW, Australia"
298339045,-33.892753148,151.2744760793,open,2011-01-15,,"Sydney NSW, Australia"
300404939,-33.7412461997,151.3160477,open,2025-01-18,2025-01-18T16:54:12+11:00,"Collaroy NSW 2097, Australia"
305917544,-33.9498052546,151.2566838296,open,2025-08-11,2025-08-11T16:52:40+10:00,"Maroubra, NSW, AU"
307910919,-33.9203383832,151.258132495,open,2025-08-21,2025-08-21T14:36:31+10:00,Coogee Beach
308124034,-33.9203383832,151.258132495,open,2025-08-22,2025-08-22T10:51:29+10:00,"Arden St opp Coogee Bay Rd, Coogee NSW 2034, Australia"
322423308,-33.5842466667,151.3285666667,open,2025-02-04,2025-02-04T17:30:08+11:00,"Palm Beach, NSW, AU"
323387827,-34.0782500282,151.1660108086,open,2025-10-27,2025-10-27T11:02:15+11:00,"Royal National Park, Royal National Park, NSW, AU"
324062440,-33.95029,151.257078,open,2025-10-22,,Maroubra Beach
324062644,-33.95029,151.257078,open,2025-10-22,,Maroubra Beach
324629135,-34.0375911213,151.1716633004,open,2011-12-29,2011-12-29T21:04:00+11:00,"Sydney NSW, Australia"
324629136,-34.037574453,151.1716901225,open,2011-12-29,2011-12-29T21:15:00+11:00,"Sydney NSW, Australia"
326884613,-33.891007589,151.2787075309,open,2010-03-14,2010-03-14T07:44:00+11:00,"Sydney NSW, Australia"
327340867,-33.9147033333,151.26152,open,2024-07-05,2024-07-05T16:18:21+10:00,"Major St, Coogee, NSW, AU"
328464240,-33.6461133333,151.3275,open,2025-01-18,2025-01-18T15:07:53+11:00,"Bilgola Beach, NSW, AU"
330824233,-33.8910533333,151.2782283333,open,2025-12-15,2025-12-15T18:06:08+11:00,"Waverley, AU-NS, AU"
331912946,-33.8929866667,151.2744616667,open,2024-11-02,2024-11-02T15:31:42+11:00,"Bondi Beach, NSW, AU"
332002163,-33.5308965306,151.3118840721,open,2025-12-25,2025-12-25T16:39:22+11:00,"Umina Beach, NSW, AU"
332126050,-33.645845,151.3278666667,open,2025-12-25,2025-12-25T13:57:57+11:00,"Bilgola Beach, NSW, AU"
332133614,-33.8918716667,151.27658,open,2025-12-26,2025-12-26T08:48:34+11:00,"Bondi Beach, Bondi Beach, Sydney, AU"
332241066,-33.5304501147,151.3121164992,open,2025-12-27,2025-12-27T14:15:38+11:00,"Umina Beach, NSW, AU"
332402535,-33.9973116667,151.22867,open,2025-12-27,2025-12-27T15:49:51+11:00,"Botany Bay, NSW, AU"
332521589,-33.9891166924,151.2349340692,open,2025-12-28,2025-12-28T17:34:36+11:00,"Anzac Pde Terminus, La Perouse NSW 2036, Australia"
332521770,-33.9890305148,151.2352737039,open,2025-12-28,2025-12-28T17:38:46+11:00,"Anzac Pde Terminus, La Perouse NSW 2036, Australia"
332700936,-33.8096768505,151.2848778094,open,2025-12-30,2025-12-30T17:54:38+11:00,"Port Jackson, North Harbour, NSW, AU"
332915879,-33.6780332955,151.3157493621,open,2025-12-31,2025-12-31T15:33:56+11:00,"Mona Vale NSW 2103, Australia"
332915912,-33.6776993251,151.3157097995,open,2025-12-31,2025-12-31T15:33:13+11:00,"Mona Vale NSW 2103, Australia"
332915986,-33.6773059247,151.3155562431,open,2025-12-31,2025-12-31T15:32:40+11:00,"Mona Vale NSW 2103, Australia"
332961367,-33.89072,151.2792666667,open,2026-01-01,2026-01-01T15:24:13+11:00,"Bondi Beach, NSW, AU"
332971487,-33.7422,151.3178333333,open,2026-01-01,2026-01-01T16:26:37+11:00,Australia
332988403,-34.1067882995,151.0687795692,open,2026-01-01,2026-01-01T15:13:00+11:00,"Royal National Park, Warumbul, NSW, AU"
333048487,-33.8905833333,151.2819366667,open,2025-08-15,2025-08-15T14:08:25+10:00,"Waverley, AU-NS, AU"
333115265,-33.9152637997,151.2611664,open,2026-01-02,2026-01-02T08:28:40+11:00,"Arden St at Alison Rd, Coogee NSW 2034, Australia"
333121742,-34.0459555,151.1590721667,open,2026-01-02,2026-01-02T16:49:39+11:00,"Mitchell Rd, Cronulla, NSW, AU"
333246999,-33.5553455765,151.2690618739,open,2026-01-03,2026-01-03T12:35:58+11:00,"Patonga Beach, Patonga, NSW, AU"
333247129,-33.5559635581,151.2688066163,open,2026-01-03,2026-01-03T12:36:38+11:00,"Patonga Beach, Patonga, NSW, AU"
333474703,-33.5732327471,151.2860887651,open,2026-01-03,2026-01-03T11:06:00+11:00,"Ku-ring-gai Chase NSW 2084, Australia"
333474705,-33.5732327471,151.2860887651,open,2026-01-03,2026-01-03T11:06:00+11:00,"Ku-ring-gai Chase NSW 2084, Australia"
333474708,-33.5732327471,151.2860887651,open,2026-01-03,2026-01-03T11:07:00+11:00,"Ku-ring-gai Chase NSW 2084, Australia"
333474710,-33.5732327471,151.2860887651,open,2026-01-03,2026-01-03T11:09:00+11:00,"Ku-ring-gai Chase NSW 2084, Australia"
333474756,-33.5728973331,151.2838351802,open,2026-01-03,2026-01-03T12:29:00+11:00,"Ku-ring-gai Chase NSW 2084, Australia"
333474761,-33.5778047501,151.2830267925,open,2026-01-03,2026-01-03T13:11:00+11:00,"Ku-ring-gai Chase NSW 2084, Australia"
333474762,-33.5778047501,151.2830267925,open,2026-01-03,2026-01-03T13:11:00+11:00,"Ku-ring-gai Chase NSW 2084, Australia"
333474764,-33.5778047501,151.2830267925,open,2026-01-03,2026-01-03T13:12:00+11:00,"Ku-ring-gai Chase NSW 2084, Australia"
333551674,-33.7809118281,151.2927914555,open,2026-01-05,2026-01-05T17:55:49+11:00,"Freshwater, AU"
333682209,-33.89095,151.2787033333,open,2026-01-06,2026-01-06T13:03:59+11:00,"Bondi Beach, Bondi Beach, NSW, AU"
333707789,-33.9432033333,151.2638383333,open,2026-01-06,2026-01-06T16:21:22+11:00,"Mahon Pool, Maroubra, AU"
333712008,-33.9787382,151.2530728,open,2026-01-06,2026-01-06T16:08:24+11:00,"Randwick, AU-NS, AU"
333831592,-33.68577408,151.31019275,open,2026-01-07,2026-01-07T19:48:17+11:00,"Narrabeen Park Pde opp Cook Tce, Mona Vale NSW 2103, Australia"
333890164,-33.738955,151.3088833333,open,2026-01-07,2026-01-07T19:47:10+11:00,"Collaroy, AU"
334027895,-33.9786007121,151.2529823184,open,2026-01-05,,"Little Bay NSW 2036, Australia"
334594115,-33.771928,151.293903,open,2026-01-13,2026-01-13T07:00:00+11:00,South Curl curl beach
334697026,-34.0750100364,151.2706748396,open,2024-12-14,2024-12-14T15:19:15+10:00,Australia
334702297,-33.9796416667,151.2514333333,open,2026-01-14,2026-01-14T19:19:14+11:00,"Little Bay, AU"
335576259,-33.920338,151.258133,open,2026-01-21,,Coogee beach
336624824,-33.799487,151.278081,open,2026-01-30,,Delwood beach
337181748,-34.1159366698,151.1415547834,open,2025-12-29,2025-12-29T14:54:00+11:00,"Marley NSW 2232, Αυστραλία"
337193751,-33.7417536,151.3176563,open,2026-01-23,2026-01-23T17:27:31+11:00,Australia
339399894,-33.904672,151.268644,open,2026-02-20,2026-02-20T14:00:00+11:00,"Waverley, AU-NS, AU"
340696784,-33.9216462709,151.2575900182,open,2026-03-01,2026-03-01T10:00:09+11:00,"Arden St opp Coogee Bay Rd, Coogee NSW 2034, Australia"
341179212,-33.9203383832,151.258132495,open,2026-03-04,2026-03-04T10:28:43+11:00,"Arden St opp Coogee Bay Rd, Coogee NSW 2034, Australia"
341219608,-33.9203383832,151.258132495,open,2026-03-04,2026-03-04T10:28:43+11:00,"Arden St opp Coogee Bay Rd, Coogee NSW 2034, Australia"
342222287,-33.998427806,151.2485975772,open,2026-03-10,2026-03-10T11:20:05+11:00,Kurnell
342820891,-33.9640061262,151.2522316352,open,2026-03-14,2026-03-14T08:55:36+11:00,"Malabar NSW 2036, Australia"
342851442,-33.9640061,151.2522319,open,2026-03-14,2026-03-14T08:20:00+11:00,"Malabar Beach, Malabar NSW 2036, Australia"
342887192,-33.890595,151.279695,open,2026-03-14,2026-03-14T17:31:44+11:00,"Bondi Beach, NSW, AU"
343274730,-33.9036660745,151.268328431,open,2024-10-13,2024-10-13T21:43:28+11:00,"Bronte, NSW, AU"
347230115,-33.7330387062,151.3030264699,open,2026-04-02,2026-04-02T04:47:19+11:00,"Collaroy, AU"
347416756,-33.4887929441,151.3259424269,open,,,Woy Woy
348139673,-33.7530966667,151.297045,open,2026-01-06,2026-01-06T18:54:15+11:00,"Dee Why, NSW, AU"
350205904,-33.7339261717,151.3050396368,open,2026-01-14,2026-01-14T18:17:41+11:00,"Pittwater Rd at Brissenden Ave, Collaroy NSW 2097, Australia"
352138975,-34.0555888333,151.1548,open,2026-04-23,2026-04-23T07:47:30+10:00,"Cronulla Beach, Cronulla, NSW, AU"
352427831,-33.914827841,151.2612874433,open,2026-04-24,2026-04-24T07:55:00+10:00,"Clovelly Rd Near Mundarrah St, Clovelly NSW 2031, Australia"
353471562,-33.8281033333,151.2536466667,open,2026-04-25,2026-04-25T17:43:19+10:00,"The Esplanade, Middle Harbour, NSW, AU"
355987354,-34.145515597,151.1096514389,open,2026-04-23,2026-04-23T11:57:31+10:00,"Wattamolla NSW 2232, Australia"
356817945,-33.9256858226,151.2593894452,open,2026-04-30,,"Coogee NSW 2034, Australia"
357780463,-33.951439896,151.2568460953,open,2026-05-03,2026-05-03T13:53:50+10:00,"Maroubra, NSW, AU"
357780484,-33.951430758,151.256869631,open,2026-05-03,2026-05-03T13:53:32+10:00,"Maroubra, NSW, AU"
357780798,-33.9485393733,151.2569111013,open,2026-05-03,2026-05-03T13:54:48+10:00,"Maroubra, NSW, AU"
357780842,-33.9495219668,151.2570716042,open,2026-05-03,2026-05-03T13:55:40+10:00,"Maroubra, NSW, AU"
357782581,-33.9500709319,151.2570072899,open,2026-05-03,2026-05-03T13:58:08+10:00,"Maroubra, NSW, AU"
357782605,-33.9500292035,151.2569946141,open,2026-05-03,2026-05-03T13:58:24+10:00,"Maroubra, NSW, AU"
357810616,-33.9468266058,151.2572794288,open,2026-05-03,2026-05-03T13:59:42+10:00,"Maroubra, NSW, AU"
357810709,-33.9468761312,151.2574165745,open,2026-05-03,2026-05-03T13:59:10+10:00,"Maroubra, NSW, AU"
357810748,-33.9513967405,151.2568495295,open,2026-05-03,2026-05-03T14:04:13+10:00,"Maroubra, NSW, AU"
358257635,-33.7992315589,151.2901382793,open,2026-05-03,2026-05-03T09:43:00+10:00,"Sydney NSW, Australia"
358259245,-33.8005332231,151.2974982608,open,2026-05-03,2026-05-03T10:29:00+10:00,Cabbage Tree Bay
358517745,-33.5253490214,151.3201457861,open,2026-05-05,2026-05-05T14:16:05+10:00,"Umina Beach, NSW, AU"
361891414,-33.919338,151.259644,open,2026-05-14,,coogee beach
361962822,-33.9134616967,151.266275011,open,2026-05-13,2026-05-13T13:47:44+10:00,"Clovelly Beach, Clovelly Rd, Clovelly NSW 2031, Australia"
362367120,-33.7928830608,151.2881799415,open,2020-08-02,2020-08-02T11:11:59+10:00,"North Steyne opp Carlton St, Manly NSW 2095, Australia"
364149957,-33.9144944365,151.2693330264,open,2026-05-23,2026-05-23T09:16:32+10:00,"Eastbourne Ave, Clovelly, NSW, AU"
364614929,-33.891955,151.2762916667,open,2026-05-23,2026-05-23T10:08:09+10:00,"Bondi Beach, Bondi Beach, NSW, AU"
364992347,-33.74213,151.3173533333,open,2026-05-25,2026-05-25T11:02:37+10:00,"Collaroy, NSW, AU"
365009514,-33.9640061262,151.2522316352,open,2026-05-24,,"Malabar NSW 2036, Australia"
365013033,-33.742099,151.3173657333,open,2026-05-25,2026-05-25T11:02:00+10:00,"Long Reef Rock Platform, Long Reef Aquatic Reserve, Collaroy, Sydney, New South Wales"
365251208,-33.7416988965,151.3171823254,open,2026-05-25,2026-05-25T11:40:00+10:00,"Sydney NSW, Australia"
365339834,-33.74201325,151.3174197,open,2026-05-25,2026-05-25T11:03:00+10:00,"Collaroy, New South Wales, Australia"
365608369,-33.9477304263,151.2579443305,open,2023-11-18,2023-11-18T17:55:00+11:00,"Maroubra NSW 2035, Australia"
366022632,-33.89287,151.2751089722,open,2026-05-28,2026-05-28T12:14:43+10:00,"Bondi Beach, Campbell Pde, Stand A, Bondi Beach NSW 2026, Australia"
366264003,-33.9135316775,151.2667417431,open,2026-05-29,2026-05-29T16:43:06+10:00,"Donnellan Cct, Clovelly, NSW, AU"
366537823,-33.988945,151.234375,open,2026-05-30,2026-05-30T12:32:35+10:00,"La Perouse, NSW, AU"
366592862,-33.98917,151.2357333333,open,2026-05-30,2026-05-30T12:23:02+10:00,"La Perouse, NSW, AU"
366592922,-33.98888,151.2344533333,open,2026-05-30,2026-05-30T12:26:37+10:00,"La Perouse, NSW, AU"
366592933,-33.9889283333,151.2344366667,open,2026-05-30,2026-05-30T12:27:15+10:00,"La Perouse, NSW, AU"
366635285,-33.774175,151.2926633333,open,2026-05-24,2026-05-24T13:41:12+10:00,"Carrington Pde, Curl Curl, NSW, AU"
366971007,-33.6973616667,151.3110633333,open,2026-05-29,2026-05-29T14:41:15+10:00,"Warriewood, NSW, AU"
366971045,-33.69723,151.3108833333,open,2026-05-29,2026-05-29T14:17:15+10:00,"Narrabeen Park Pde, Warriewood, NSW, AU"
366971091,-33.697245,151.3107916667,open,2026-05-29,2026-05-29T14:16:54+10:00,"Warriewood, NSW, AU"
367692921,-33.9461260209,151.2582894042,open,2026-05-29,2026-05-29T14:40:31+10:00,"Marine Pde opp Maroubra SLSC, Maroubra NSW 2035, Australia"
371105994,-33.8923133333,151.2753616667,open,2026-04-24,2026-04-24T16:34:30+10:00,"Bondi Beach, NSW, AU"
381926147,-33.5399951809,151.3094998151,open,2026-01-03,2026-01-03T17:45:00+11:00,"Coral Cres opp Beryl Bvd, Pearl Beach NSW 2256, Australia"
382809743,-33.7490533333,151.3002033333,open,2026-07-19,2026-07-19T10:24:28+10:00,"Dee Why, NSW, AU"
382875428,-33.9454258742,151.25902987,open,2026-07-19,2026-07-19T16:08:05+10:00,"Maroubra, AU"
383132108,-33.9456303298,151.2587438005,open,2026-07-20,2026-07-20T07:37:02+10:00,"Randwick, AU-NS, AU"
383232316,-33.9477094155,151.2576895952,open,2026-07-18,2026-07-18T14:20:04+10:00,"Maroubra SLSC, Marine Pde, Maroubra NSW 2035, Australia"
